"num_item_id","definition","type","category","16","17","18","19","20","21","22","23","24","25","26","27","28","29","30","31","32","33","34","35","36"
1,"au","word","sounds",0.57,0.71,0.8,0.86,0.89,0.93,0.94,0.94,0.96,0.97,0.97,0.98,0.98,0.98,0.99,0.98,1,0.99,0.99,0.97,0.97
2,"bææ","word","sounds",0.67,0.75,0.81,0.85,0.9,0.91,0.94,0.95,0.95,0.96,0.96,0.97,0.98,0.97,0.98,0.98,0.99,0.98,0.99,0.97,0.96
3,"brrr (bil-lyd)","word","sounds",0.76,0.8,0.78,0.84,0.85,0.85,0.86,0.86,0.87,0.89,0.9,0.89,0.88,0.85,0.9,0.88,0.9,0.89,0.92,0.87,0.86
4,"gakk gakk","word","sounds",0.44,0.54,0.61,0.71,0.79,0.81,0.84,0.84,0.86,0.9,0.89,0.89,0.9,0.91,0.93,0.91,0.95,0.92,0.93,0.92,0.9
5,"grr","word","sounds",0.33,0.31,0.36,0.36,0.45,0.48,0.56,0.5,0.59,0.6,0.67,0.67,0.69,0.7,0.71,0.72,0.78,0.72,0.8,0.78,0.71
6,"kykeliky","word","sounds",0.09,0.14,0.22,0.33,0.41,0.41,0.51,0.56,0.62,0.65,0.73,0.74,0.77,0.78,0.77,0.82,0.88,0.85,0.87,0.87,0.82
7,"mjau","word","sounds",0.44,0.54,0.6,0.68,0.78,0.76,0.83,0.87,0.88,0.91,0.92,0.93,0.94,0.95,0.97,0.96,0.97,0.97,0.98,0.97,0.95
8,"møø","word","sounds",0.53,0.65,0.75,0.8,0.89,0.86,0.9,0.92,0.92,0.96,0.96,0.97,0.96,0.97,0.97,0.97,0.99,0.98,0.98,0.98,0.95
9,"nam - nam","word","sounds",0.72,0.8,0.83,0.86,0.89,0.88,0.92,0.92,0.93,0.94,0.94,0.93,0.93,0.95,0.96,0.94,0.98,0.96,0.96,0.94,0.93
10,"oi (uttrykk for overraskelse)","word","sounds",0.7,0.8,0.86,0.86,0.89,0.92,0.91,0.93,0.95,0.96,0.96,0.95,0.97,0.95,0.97,0.96,0.97,0.97,0.96,0.96,0.94
11,"tøff-tøff","word","sounds",0.09,0.15,0.19,0.29,0.38,0.42,0.49,0.53,0.61,0.67,0.7,0.71,0.78,0.77,0.78,0.79,0.83,0.84,0.83,0.85,0.81
12,"voff voff","word","sounds",0.67,0.75,0.83,0.88,0.92,0.94,0.94,0.96,0.96,0.97,0.96,0.97,0.97,0.97,0.98,0.98,0.98,0.98,0.98,0.97,0.96
13,"(meite)mark","word","animals",0.01,0.02,0.03,0.03,0.11,0.11,0.17,0.22,0.3,0.38,0.44,0.49,0.53,0.55,0.61,0.68,0.71,0.71,0.77,0.79,0.8
14,"and","word","animals",0.07,0.15,0.16,0.24,0.34,0.33,0.43,0.48,0.55,0.59,0.66,0.67,0.71,0.74,0.75,0.76,0.8,0.8,0.8,0.85,0.8
15,"apekatt","word","animals",0.07,0.14,0.16,0.28,0.37,0.42,0.52,0.64,0.68,0.75,0.8,0.83,0.86,0.89,0.92,0.91,0.94,0.94,0.96,0.96,0.95
16,"bjørn","word","animals",0.02,0.08,0.14,0.19,0.27,0.32,0.46,0.54,0.6,0.65,0.75,0.78,0.82,0.84,0.88,0.9,0.92,0.92,0.94,0.94,0.94
17,"dyr","word","animals",0.03,0.06,0.06,0.1,0.16,0.17,0.27,0.32,0.45,0.51,0.61,0.62,0.68,0.69,0.75,0.78,0.83,0.83,0.86,0.88,0.87
18,"ekorn","word","animals",0.02,0.02,0.04,0.1,0.14,0.19,0.26,0.34,0.38,0.46,0.52,0.61,0.6,0.67,0.68,0.73,0.77,0.77,0.83,0.84,0.84
19,"elefant","word","animals",0.03,0.09,0.11,0.23,0.34,0.4,0.52,0.63,0.69,0.76,0.82,0.87,0.88,0.89,0.92,0.93,0.95,0.95,0.96,0.97,0.94
20,"elg","word","animals",0.02,0.04,0.06,0.1,0.16,0.18,0.26,0.29,0.34,0.4,0.44,0.48,0.54,0.55,0.62,0.66,0.68,0.67,0.74,0.74,0.75
21,"esel","word","animals",0.01,0.02,0.03,0.05,0.09,0.11,0.18,0.22,0.25,0.28,0.35,0.4,0.45,0.44,0.47,0.5,0.58,0.55,0.61,0.62,0.66
22,"fisk (animal)","word","animals",0.14,0.25,0.33,0.47,0.56,0.65,0.75,0.81,0.83,0.89,0.92,0.93,0.95,0.95,0.96,0.96,0.97,0.97,0.99,0.98,0.97
23,"flue","word","animals",0.04,0.09,0.1,0.19,0.27,0.28,0.39,0.46,0.55,0.62,0.7,0.76,0.78,0.81,0.85,0.88,0.92,0.91,0.92,0.94,0.91
24,"frosk","word","animals",0.02,0.06,0.08,0.16,0.25,0.33,0.43,0.49,0.54,0.63,0.72,0.75,0.78,0.78,0.81,0.85,0.89,0.86,0.92,0.91,0.9
25,"fugl","word","animals",0.08,0.13,0.19,0.3,0.4,0.43,0.55,0.59,0.7,0.73,0.79,0.83,0.84,0.83,0.88,0.89,0.92,0.94,0.93,0.96,0.92
26,"gås","word","animals",0.02,0.04,0.04,0.07,0.07,0.11,0.15,0.17,0.21,0.28,0.3,0.32,0.38,0.37,0.39,0.42,0.46,0.44,0.49,0.5,0.53
27,"gris","word","animals",0.17,0.25,0.33,0.44,0.62,0.63,0.71,0.79,0.8,0.86,0.88,0.91,0.92,0.94,0.95,0.95,0.96,0.95,0.98,0.98,0.94
28,"hane","word","animals",0.02,0.04,0.07,0.15,0.21,0.22,0.3,0.37,0.44,0.51,0.56,0.57,0.62,0.61,0.65,0.7,0.75,0.72,0.78,0.79,0.78
29,"hest","word","animals",0.19,0.3,0.43,0.55,0.64,0.69,0.79,0.85,0.88,0.89,0.92,0.93,0.95,0.95,0.97,0.97,0.98,0.98,0.98,0.99,0.97
30,"høne","word","animals",0.01,0.06,0.08,0.2,0.27,0.28,0.41,0.47,0.55,0.63,0.69,0.71,0.76,0.73,0.82,0.85,0.88,0.87,0.89,0.93,0.89
31,"hund","word","animals",0.19,0.3,0.33,0.4,0.55,0.59,0.67,0.73,0.77,0.81,0.86,0.89,0.9,0.9,0.94,0.94,0.96,0.94,0.98,0.99,0.96
32,"kanin","word","animals",0.03,0.12,0.16,0.28,0.39,0.43,0.52,0.6,0.68,0.72,0.77,0.81,0.86,0.84,0.88,0.92,0.93,0.92,0.94,0.95,0.93
33,"katt","word","animals",0.21,0.39,0.41,0.52,0.62,0.68,0.73,0.8,0.85,0.88,0.9,0.92,0.91,0.93,0.95,0.96,0.97,0.97,0.99,0.98,0.96
34,"kattunge","word","animals",0.01,0.01,0.03,0.05,0.07,0.06,0.11,0.15,0.18,0.27,0.33,0.38,0.42,0.42,0.49,0.55,0.56,0.58,0.67,0.67,0.73
35,"krokodille","word","animals",0.02,0.04,0.06,0.15,0.2,0.26,0.4,0.45,0.54,0.63,0.7,0.74,0.79,0.81,0.86,0.86,0.91,0.92,0.92,0.94,0.91
36,"ku","word","animals",0.16,0.28,0.31,0.36,0.53,0.59,0.69,0.72,0.79,0.83,0.86,0.88,0.91,0.93,0.94,0.95,0.97,0.97,0.98,0.97,0.96
37,"kylling (animal)","word","animals",0.01,0.02,0.05,0.12,0.14,0.19,0.27,0.32,0.4,0.49,0.58,0.61,0.68,0.68,0.74,0.77,0.81,0.82,0.86,0.87,0.86
38,"lam","word","animals",0.04,0.05,0.1,0.19,0.24,0.23,0.34,0.4,0.43,0.5,0.61,0.6,0.62,0.68,0.73,0.72,0.77,0.75,0.8,0.83,0.79
39,"(leke)bamse","word","animals",0.16,0.25,0.33,0.46,0.57,0.57,0.66,0.73,0.74,0.83,0.86,0.88,0.9,0.91,0.92,0.93,0.94,0.96,0.94,0.97,0.94
40,"løve","word","animals",0.03,0.09,0.13,0.22,0.34,0.37,0.48,0.58,0.62,0.7,0.78,0.81,0.85,0.85,0.89,0.91,0.94,0.94,0.96,0.97,0.92
41,"maur","word","animals",0.01,0.02,0.02,0.07,0.06,0.1,0.16,0.22,0.32,0.41,0.48,0.55,0.57,0.58,0.67,0.69,0.75,0.73,0.81,0.82,0.79
42,"mus","word","animals",0.1,0.17,0.26,0.31,0.45,0.52,0.6,0.65,0.7,0.77,0.83,0.84,0.87,0.9,0.91,0.93,0.95,0.95,0.96,0.96,0.93
43,"mygg","word","animals",0,0.01,0.01,0.02,0.04,0.05,0.08,0.1,0.15,0.22,0.28,0.29,0.35,0.36,0.44,0.49,0.55,0.51,0.58,0.6,0.63
44,"pingvin","word","animals",0.01,0.03,0.03,0.09,0.12,0.17,0.24,0.29,0.32,0.39,0.47,0.53,0.54,0.59,0.59,0.64,0.69,0.65,0.71,0.78,0.75
45,"ponni","word","animals",0.01,0,0.02,0.03,0.05,0.04,0.09,0.09,0.14,0.17,0.21,0.22,0.26,0.27,0.33,0.34,0.39,0.4,0.4,0.5,0.51
46,"reinsdyr","word","animals",0,0,0.01,0.02,0.02,0.06,0.08,0.08,0.12,0.18,0.22,0.24,0.28,0.29,0.35,0.37,0.44,0.44,0.48,0.49,0.55
47,"sau","word","animals",0.1,0.2,0.23,0.29,0.41,0.46,0.58,0.65,0.7,0.76,0.8,0.84,0.87,0.9,0.92,0.91,0.94,0.93,0.95,0.96,0.93
48,"sebra","word","animals",0,0.01,0.03,0.09,0.12,0.15,0.25,0.26,0.35,0.42,0.51,0.51,0.6,0.63,0.64,0.69,0.76,0.73,0.76,0.79,0.78
49,"sjiraff","word","animals",0.03,0.04,0.09,0.18,0.21,0.28,0.4,0.48,0.54,0.63,0.69,0.74,0.78,0.78,0.82,0.85,0.88,0.89,0.9,0.92,0.85
50,"skilpadde","word","animals",0,0.02,0.03,0.08,0.11,0.15,0.23,0.25,0.34,0.42,0.48,0.56,0.61,0.64,0.68,0.74,0.77,0.75,0.81,0.85,0.81
51,"sommerfugl","word","animals",0,0.02,0.04,0.11,0.17,0.17,0.3,0.38,0.44,0.56,0.64,0.7,0.77,0.76,0.8,0.82,0.88,0.87,0.89,0.92,0.91
52,"tiger","word","animals",0.03,0.1,0.09,0.21,0.26,0.33,0.44,0.5,0.56,0.64,0.74,0.77,0.81,0.84,0.84,0.88,0.92,0.9,0.93,0.95,0.91
53,"ugle","word","animals",0.02,0.06,0.07,0.13,0.15,0.21,0.29,0.35,0.4,0.48,0.52,0.58,0.59,0.63,0.68,0.73,0.79,0.74,0.79,0.82,0.8
54,"ulv","word","animals",0,0.03,0.03,0.07,0.09,0.11,0.17,0.22,0.25,0.34,0.42,0.46,0.52,0.51,0.59,0.66,0.69,0.68,0.73,0.79,0.79
55,"valp","word","animals",0.02,0.02,0.03,0.04,0.04,0.06,0.09,0.1,0.13,0.2,0.25,0.26,0.31,0.34,0.36,0.38,0.45,0.44,0.48,0.53,0.55
56,"veps","word","animals",0.02,0.05,0.04,0.1,0.12,0.16,0.21,0.25,0.28,0.4,0.44,0.5,0.55,0.57,0.61,0.68,0.74,0.75,0.78,0.78,0.79
57,"akebrett","word","vehicles",0.01,0.02,0.04,0.08,0.09,0.19,0.24,0.39,0.41,0.53,0.54,0.65,0.64,0.68,0.76,0.77,0.83,0.88,0.89,0.91,0.9
58,"barnevogn","word","vehicles",0.03,0.09,0.14,0.26,0.33,0.37,0.47,0.58,0.64,0.7,0.72,0.78,0.77,0.78,0.82,0.85,0.86,0.83,0.87,0.88,0.89
59,"bil","word","vehicles",0.4,0.5,0.63,0.72,0.82,0.87,0.9,0.91,0.93,0.95,0.96,0.97,0.98,0.98,0.99,0.98,0.99,0.98,0.99,0.99,0.96
60,"brannbil","word","vehicles",0.02,0.04,0.06,0.14,0.16,0.23,0.32,0.41,0.49,0.6,0.67,0.73,0.77,0.78,0.86,0.88,0.87,0.91,0.92,0.93,0.93
61,"båt","word","vehicles",0.21,0.28,0.32,0.49,0.62,0.66,0.75,0.82,0.83,0.9,0.92,0.93,0.95,0.96,0.97,0.96,0.97,0.97,0.98,0.98,0.97
62,"buss","word","vehicles",0.17,0.22,0.3,0.46,0.57,0.62,0.72,0.79,0.81,0.9,0.92,0.92,0.94,0.96,0.96,0.96,0.97,0.98,0.98,0.99,0.98
63,"fly","word","vehicles",0.19,0.26,0.34,0.49,0.61,0.66,0.75,0.83,0.87,0.9,0.92,0.94,0.95,0.96,0.98,0.98,0.99,0.99,0.98,0.98,0.98
64,"helikopter","word","vehicles",0.01,0.04,0.06,0.14,0.19,0.22,0.36,0.45,0.51,0.61,0.66,0.73,0.8,0.78,0.84,0.87,0.9,0.91,0.91,0.9,0.92
65,"lastebil","word","vehicles",0.02,0.04,0.08,0.22,0.23,0.31,0.43,0.56,0.62,0.72,0.77,0.81,0.86,0.86,0.91,0.93,0.93,0.94,0.96,0.96,0.94
66,"motorsykkel","word","vehicles",0.02,0.02,0.05,0.11,0.13,0.2,0.3,0.39,0.48,0.59,0.64,0.71,0.76,0.77,0.81,0.84,0.89,0.88,0.92,0.92,0.92
67,"sykkel","word","vehicles",0.06,0.11,0.16,0.31,0.4,0.45,0.58,0.67,0.75,0.8,0.86,0.89,0.91,0.93,0.93,0.96,0.96,0.97,0.97,0.99,0.96
68,"tog","word","vehicles",0.11,0.18,0.26,0.41,0.51,0.56,0.67,0.74,0.79,0.85,0.89,0.9,0.93,0.94,0.96,0.96,0.97,0.98,0.98,0.98,0.97
69,"traktor","word","vehicles",0.16,0.23,0.32,0.44,0.5,0.59,0.64,0.72,0.76,0.83,0.87,0.92,0.92,0.92,0.95,0.96,0.97,0.98,0.98,0.97,0.96
70,"trehjulssykkel","word","vehicles",0.02,0,0.01,0.01,0.02,0.03,0.08,0.08,0.16,0.22,0.29,0.33,0.38,0.38,0.45,0.5,0.56,0.58,0.61,0.64,0.65
71,"ball","word","toys",0.56,0.67,0.77,0.81,0.88,0.9,0.92,0.95,0.95,0.97,0.97,0.97,0.97,0.98,0.99,0.98,0.99,0.99,0.99,0.99,0.98
72,"ballong","word","toys",0.13,0.25,0.26,0.4,0.51,0.53,0.6,0.7,0.77,0.83,0.86,0.89,0.91,0.91,0.94,0.94,0.96,0.96,0.95,0.97,0.96
73,"blyant","word","toys",0.01,0.02,0.03,0.07,0.14,0.17,0.23,0.26,0.32,0.42,0.5,0.54,0.55,0.58,0.66,0.68,0.76,0.78,0.77,0.8,0.82
74,"bok","word","toys",0.33,0.41,0.52,0.61,0.73,0.76,0.8,0.86,0.91,0.93,0.94,0.96,0.96,0.97,0.98,0.97,0.98,0.98,0.98,0.99,0.96
75,"klosser","word","toys",0.04,0.09,0.09,0.16,0.28,0.31,0.38,0.49,0.54,0.61,0.68,0.74,0.76,0.79,0.82,0.84,0.85,0.88,0.9,0.91,0.91
76,"dukke","word","toys",0.14,0.29,0.36,0.41,0.51,0.57,0.61,0.64,0.68,0.75,0.81,0.83,0.84,0.84,0.88,0.89,0.91,0.91,0.92,0.94,0.92
77,"lego","word","toys",0.01,0.06,0.06,0.13,0.19,0.25,0.29,0.42,0.45,0.56,0.63,0.68,0.71,0.77,0.79,0.82,0.84,0.85,0.87,0.9,0.9
78,"eventyr","word","toys",0,0,0.01,0.03,0.04,0.04,0.08,0.14,0.2,0.28,0.32,0.36,0.46,0.5,0.6,0.6,0.65,0.64,0.74,0.76,0.79
79,"fargeblyant","word","toys",0.01,0.01,0.01,0.05,0.06,0.08,0.14,0.15,0.19,0.26,0.35,0.37,0.4,0.41,0.48,0.53,0.58,0.59,0.64,0.65,0.71
80,"presang","word","toys",0,0.03,0.06,0.11,0.14,0.2,0.25,0.37,0.49,0.54,0.57,0.62,0.64,0.65,0.68,0.72,0.74,0.78,0.8,0.8,0.82
81,"kritt","word","toys",0,0,0.02,0.02,0.03,0.03,0.05,0.08,0.1,0.14,0.21,0.21,0.26,0.29,0.35,0.38,0.42,0.38,0.46,0.49,0.47
82,"leke (object)","word","toys",0.08,0.15,0.23,0.31,0.4,0.46,0.57,0.7,0.75,0.81,0.86,0.88,0.89,0.92,0.94,0.94,0.96,0.96,0.97,0.98,0.96
83,"lim","word","toys",0,0,0.01,0.03,0.06,0.07,0.14,0.16,0.19,0.3,0.4,0.42,0.51,0.51,0.58,0.67,0.7,0.72,0.8,0.82,0.82
84,"penn","word","toys",0.02,0.04,0.06,0.1,0.19,0.17,0.29,0.33,0.35,0.41,0.49,0.53,0.57,0.59,0.66,0.7,0.68,0.74,0.78,0.76,0.8
85,"plastilina","word","toys",0,0.01,0.01,0.02,0.03,0.04,0.07,0.08,0.13,0.18,0.23,0.28,0.3,0.34,0.36,0.37,0.44,0.42,0.48,0.52,0.47
86,"puslespill","word","toys",0.01,0.02,0.06,0.13,0.15,0.24,0.34,0.44,0.49,0.6,0.69,0.72,0.78,0.75,0.82,0.84,0.91,0.9,0.93,0.93,0.93
87,"spill","word","toys",0.01,0.04,0.04,0.11,0.19,0.2,0.26,0.35,0.4,0.52,0.62,0.61,0.68,0.73,0.77,0.81,0.86,0.87,0.89,0.93,0.89
88,"såpebobler","word","toys",0.02,0.04,0.04,0.07,0.12,0.13,0.2,0.26,0.35,0.46,0.54,0.59,0.61,0.67,0.74,0.75,0.79,0.81,0.84,0.88,0.88
89,"(brød)skive","word","food_drink",0.13,0.17,0.29,0.35,0.46,0.52,0.62,0.72,0.75,0.81,0.86,0.87,0.88,0.9,0.91,0.94,0.94,0.97,0.96,0.98,0.96
90,"agurk","word","food_drink",0.05,0.1,0.12,0.24,0.29,0.38,0.46,0.55,0.57,0.67,0.72,0.77,0.8,0.79,0.85,0.88,0.89,0.92,0.92,0.93,0.89
91,"appelsin","word","food_drink",0.06,0.14,0.2,0.32,0.45,0.5,0.58,0.66,0.71,0.77,0.83,0.87,0.89,0.9,0.91,0.92,0.95,0.96,0.96,0.96,0.95
92,"banan","word","food_drink",0.46,0.51,0.61,0.69,0.78,0.8,0.86,0.89,0.91,0.93,0.95,0.96,0.96,0.96,0.97,0.97,0.98,0.98,0.98,0.99,0.96
93,"boller","word","food_drink",0.15,0.23,0.3,0.42,0.51,0.62,0.68,0.76,0.8,0.87,0.87,0.92,0.93,0.92,0.94,0.94,0.96,0.97,0.98,0.98,0.98
94,"bønner","word","food_drink",0,0,0.01,0.01,0.02,0.03,0.05,0.07,0.09,0.12,0.16,0.18,0.21,0.2,0.25,0.25,0.3,0.32,0.27,0.37,0.35
95,"brød","word","food_drink",0.15,0.19,0.25,0.34,0.48,0.48,0.57,0.67,0.7,0.77,0.83,0.86,0.87,0.87,0.93,0.93,0.93,0.96,0.96,0.96,0.96
96,"brus","word","food_drink",0.08,0.12,0.15,0.23,0.36,0.37,0.44,0.55,0.59,0.67,0.69,0.74,0.8,0.81,0.84,0.84,0.87,0.9,0.9,0.92,0.92
97,"cola","word","food_drink",0.01,0.01,0.04,0.07,0.11,0.1,0.15,0.19,0.25,0.28,0.37,0.39,0.46,0.48,0.55,0.55,0.61,0.68,0.65,0.74,0.68
98,"corn flakes","word","food_drink",0,0.01,0,0.02,0.02,0.02,0.07,0.09,0.12,0.17,0.22,0.26,0.28,0.28,0.35,0.36,0.41,0.41,0.49,0.46,0.51
99,"dessert","word","food_drink",0,0.02,0.04,0.08,0.06,0.13,0.17,0.24,0.29,0.36,0.43,0.46,0.56,0.56,0.63,0.66,0.71,0.71,0.73,0.78,0.77
100,"drikke (beverage)","word","food_drink",0.18,0.28,0.37,0.48,0.59,0.63,0.71,0.79,0.82,0.83,0.89,0.91,0.92,0.93,0.94,0.92,0.96,0.97,0.97,0.98,0.96
101,"druer","word","food_drink",0.1,0.22,0.26,0.38,0.44,0.51,0.61,0.7,0.71,0.78,0.82,0.87,0.86,0.88,0.9,0.91,0.94,0.95,0.95,0.96,0.96
102,"egg","word","food_drink",0.09,0.2,0.24,0.36,0.48,0.54,0.66,0.7,0.74,0.83,0.88,0.89,0.92,0.93,0.95,0.95,0.96,0.96,0.97,0.98,0.96
103,"eple","word","food_drink",0.21,0.35,0.48,0.58,0.64,0.72,0.77,0.82,0.87,0.91,0.9,0.95,0.95,0.96,0.96,0.96,0.98,0.98,0.98,0.98,0.96
104,"erter","word","food_drink",0.02,0.03,0.06,0.08,0.09,0.15,0.19,0.23,0.29,0.37,0.42,0.45,0.48,0.5,0.61,0.6,0.62,0.63,0.64,0.7,0.64
105,"fisk (food)","word","food_drink",0.1,0.17,0.28,0.37,0.49,0.57,0.68,0.73,0.78,0.84,0.88,0.91,0.91,0.91,0.94,0.94,0.96,0.97,0.96,0.98,0.96
106,"frokostblanding","word","food_drink",0,0,0.01,0.01,0.03,0.03,0.05,0.07,0.09,0.15,0.18,0.2,0.23,0.22,0.28,0.29,0.31,0.38,0.39,0.37,0.46
107,"frukt","word","food_drink",0.01,0.05,0.08,0.15,0.19,0.22,0.3,0.44,0.45,0.54,0.64,0.67,0.74,0.75,0.79,0.82,0.85,0.87,0.92,0.92,0.91
108,"godteri","word","food_drink",0.02,0.04,0.06,0.13,0.2,0.22,0.27,0.35,0.42,0.53,0.6,0.63,0.73,0.73,0.81,0.82,0.87,0.89,0.92,0.91,0.93
109,"grøt","word","food_drink",0.1,0.15,0.23,0.26,0.4,0.42,0.52,0.59,0.63,0.73,0.77,0.81,0.86,0.87,0.89,0.92,0.93,0.93,0.95,0.96,0.96
110,"gulrot","word","food_drink",0.03,0.07,0.11,0.21,0.27,0.35,0.45,0.55,0.58,0.69,0.76,0.79,0.82,0.85,0.88,0.91,0.93,0.94,0.93,0.95,0.94
111,"hamburger","word","food_drink",0.01,0.01,0.01,0.03,0.04,0.05,0.09,0.11,0.16,0.24,0.32,0.34,0.41,0.46,0.51,0.57,0.59,0.61,0.67,0.71,0.73
112,"is","word","food_drink",0.25,0.46,0.49,0.58,0.7,0.75,0.84,0.88,0.9,0.93,0.94,0.97,0.97,0.95,0.96,0.97,0.97,0.98,0.98,0.98,0.97
113,"jordbær","word","food_drink",0.02,0.06,0.08,0.16,0.19,0.24,0.35,0.47,0.47,0.59,0.66,0.75,0.79,0.8,0.84,0.84,0.89,0.91,0.93,0.92,0.91
114,"juice","word","food_drink",0.09,0.19,0.29,0.38,0.5,0.57,0.62,0.74,0.75,0.81,0.84,0.88,0.89,0.87,0.9,0.92,0.94,0.93,0.95,0.93,0.93
115,"kaffe","word","food_drink",0.06,0.07,0.15,0.22,0.32,0.38,0.48,0.56,0.61,0.71,0.74,0.81,0.83,0.84,0.89,0.89,0.93,0.93,0.94,0.94,0.93
116,"kake","word","food_drink",0.21,0.33,0.35,0.49,0.58,0.66,0.72,0.78,0.84,0.87,0.89,0.94,0.94,0.93,0.96,0.96,0.97,0.96,0.97,0.98,0.96
117,"kjeks","word","food_drink",0.19,0.31,0.43,0.45,0.6,0.64,0.72,0.79,0.8,0.84,0.88,0.91,0.92,0.92,0.95,0.94,0.97,0.96,0.97,0.98,0.95
118,"kjøtt","word","food_drink",0.02,0.03,0.04,0.08,0.13,0.18,0.24,0.36,0.39,0.5,0.56,0.61,0.68,0.7,0.75,0.77,0.8,0.85,0.86,0.89,0.9
119,"kjøttkaker","word","food_drink",0.01,0.01,0.02,0.08,0.1,0.15,0.2,0.29,0.35,0.45,0.51,0.54,0.64,0.67,0.74,0.74,0.8,0.79,0.84,0.85,0.87
120,"knekkebrød","word","food_drink",0.01,0.03,0.04,0.09,0.15,0.19,0.27,0.38,0.42,0.56,0.65,0.7,0.76,0.75,0.83,0.84,0.86,0.87,0.91,0.9,0.93
121,"kylling (food)","word","food_drink",0.01,0.02,0.06,0.08,0.16,0.2,0.28,0.35,0.42,0.5,0.59,0.65,0.7,0.72,0.78,0.79,0.86,0.86,0.88,0.92,0.9
122,"leverpostei","word","food_drink",0.01,0.06,0.06,0.14,0.23,0.27,0.36,0.49,0.53,0.64,0.73,0.76,0.81,0.8,0.86,0.87,0.9,0.9,0.93,0.96,0.95
123,"mat","word","food_drink",0.27,0.32,0.41,0.49,0.61,0.65,0.7,0.8,0.81,0.83,0.86,0.91,0.93,0.93,0.94,0.96,0.97,0.98,0.97,0.98,0.96
124,"matpakke","word","food_drink",0,0.02,0.05,0.06,0.08,0.12,0.17,0.28,0.24,0.36,0.43,0.49,0.54,0.55,0.6,0.65,0.71,0.73,0.75,0.79,0.78
125,"melk","word","food_drink",0.24,0.34,0.46,0.56,0.66,0.69,0.77,0.84,0.85,0.89,0.92,0.94,0.95,0.94,0.97,0.97,0.97,0.97,0.98,0.98,0.97
126,"melon","word","food_drink",0.03,0.01,0.05,0.08,0.11,0.15,0.2,0.27,0.33,0.45,0.52,0.56,0.62,0.62,0.69,0.71,0.76,0.77,0.78,0.79,0.8
127,"nøtter","word","food_drink",0,0,0.01,0.03,0.03,0.03,0.08,0.11,0.15,0.22,0.3,0.38,0.4,0.4,0.49,0.54,0.59,0.6,0.65,0.69,0.68
128,"nugatti","word","food_drink",0,0.01,0.03,0.03,0.04,0.04,0.08,0.1,0.13,0.16,0.21,0.23,0.27,0.28,0.35,0.36,0.4,0.41,0.45,0.43,0.53
129,"ost","word","food_drink",0.15,0.27,0.33,0.45,0.62,0.66,0.72,0.78,0.82,0.85,0.88,0.92,0.93,0.94,0.96,0.96,0.97,0.98,0.98,0.98,0.97
130,"pannekake","word","food_drink",0.02,0.04,0.08,0.11,0.18,0.22,0.35,0.44,0.48,0.59,0.66,0.71,0.79,0.8,0.84,0.88,0.9,0.9,0.93,0.93,0.94
131,"pasta","word","food_drink",0.01,0.04,0.07,0.11,0.15,0.2,0.29,0.38,0.38,0.49,0.52,0.57,0.6,0.63,0.69,0.69,0.71,0.68,0.79,0.78,0.75
132,"pizza","word","food_drink",0.05,0.11,0.2,0.27,0.35,0.44,0.56,0.6,0.72,0.76,0.81,0.85,0.88,0.89,0.91,0.93,0.95,0.95,0.96,0.96,0.96
133,"pølser","word","food_drink",0.09,0.16,0.25,0.32,0.46,0.5,0.61,0.71,0.75,0.83,0.86,0.91,0.91,0.92,0.94,0.95,0.96,0.96,0.97,0.97,0.96
134,"pommes frites","word","food_drink",0.01,0,0.01,0.02,0.05,0.05,0.08,0.11,0.16,0.21,0.25,0.32,0.34,0.36,0.45,0.41,0.52,0.52,0.56,0.62,0.63
135,"popcorn","word","food_drink",0,0,0.01,0.03,0.03,0.03,0.07,0.12,0.15,0.22,0.28,0.29,0.33,0.38,0.46,0.49,0.57,0.57,0.59,0.64,0.68
136,"poteter","word","food_drink",0.03,0.07,0.1,0.17,0.26,0.31,0.42,0.54,0.56,0.65,0.72,0.77,0.81,0.84,0.86,0.87,0.91,0.93,0.94,0.95,0.94
137,"potetgull","word","food_drink",0,0.01,0.02,0.03,0.08,0.08,0.14,0.18,0.23,0.29,0.36,0.42,0.47,0.5,0.58,0.59,0.67,0.66,0.7,0.72,0.7
138,"ris","word","food_drink",0.03,0.04,0.09,0.17,0.26,0.28,0.38,0.49,0.53,0.62,0.66,0.72,0.79,0.77,0.82,0.85,0.85,0.86,0.9,0.93,0.9
139,"ristet brød","word","food_drink",0,0,0,0.01,0.02,0.01,0.04,0.05,0.08,0.11,0.16,0.18,0.21,0.23,0.29,0.35,0.31,0.38,0.39,0.42,0.45
140,"rosiner","word","food_drink",0.03,0.09,0.15,0.26,0.33,0.38,0.48,0.58,0.61,0.69,0.72,0.79,0.82,0.81,0.86,0.86,0.9,0.91,0.92,0.93,0.93
141,"saft","word","food_drink",0.08,0.14,0.2,0.3,0.44,0.44,0.54,0.65,0.71,0.77,0.82,0.85,0.86,0.88,0.92,0.93,0.94,0.94,0.97,0.96,0.96
142,"salami","word","food_drink",0,0,0.02,0.03,0.06,0.07,0.12,0.15,0.21,0.27,0.34,0.4,0.46,0.45,0.54,0.55,0.57,0.59,0.63,0.7,0.71
143,"salt","word","food_drink",0.01,0,0.03,0.03,0.07,0.07,0.13,0.18,0.21,0.3,0.38,0.43,0.49,0.52,0.6,0.6,0.66,0.68,0.72,0.76,0.75
144,"saus","word","food_drink",0,0.01,0.06,0.09,0.15,0.2,0.27,0.38,0.43,0.49,0.58,0.63,0.69,0.72,0.76,0.76,0.86,0.86,0.87,0.89,0.89
145,"sjokolade","word","food_drink",0.02,0.07,0.09,0.19,0.31,0.33,0.41,0.54,0.62,0.7,0.77,0.81,0.85,0.88,0.91,0.92,0.94,0.95,0.97,0.97,0.96
146,"smør","word","food_drink",0.02,0.06,0.09,0.16,0.25,0.33,0.44,0.52,0.6,0.67,0.74,0.8,0.84,0.85,0.89,0.91,0.92,0.94,0.93,0.96,0.95
147,"spagetti","word","food_drink",0.01,0.03,0.04,0.13,0.17,0.2,0.29,0.37,0.43,0.52,0.64,0.66,0.73,0.74,0.79,0.84,0.87,0.86,0.93,0.93,0.93
148,"sukkertøy","word","food_drink",0.01,0,0.01,0.01,0.03,0.04,0.05,0.09,0.11,0.17,0.2,0.24,0.28,0.3,0.37,0.35,0.45,0.42,0.5,0.49,0.52
149,"suppe","word","food_drink",0,0.03,0.06,0.1,0.14,0.22,0.3,0.36,0.4,0.5,0.61,0.64,0.7,0.73,0.77,0.81,0.84,0.86,0.89,0.9,0.89
150,"syltetøy","word","food_drink",0.02,0.04,0.08,0.15,0.2,0.24,0.34,0.47,0.54,0.64,0.7,0.72,0.8,0.81,0.86,0.88,0.9,0.91,0.94,0.93,0.94
151,"te","word","food_drink",0.01,0.03,0.05,0.1,0.14,0.13,0.25,0.32,0.34,0.41,0.46,0.52,0.59,0.61,0.66,0.69,0.7,0.7,0.77,0.79,0.76
152,"tran","word","food_drink",0.02,0.06,0.08,0.09,0.13,0.15,0.22,0.29,0.3,0.35,0.39,0.42,0.46,0.48,0.51,0.57,0.54,0.6,0.63,0.61,0.63
153,"tyggegummi","word","food_drink",0,0.01,0.02,0.03,0.05,0.09,0.12,0.16,0.23,0.3,0.37,0.44,0.5,0.51,0.57,0.63,0.68,0.69,0.76,0.76,0.78
154,"vafler","word","food_drink",0.02,0.04,0.07,0.13,0.19,0.23,0.3,0.41,0.46,0.57,0.64,0.71,0.76,0.79,0.84,0.85,0.91,0.91,0.93,0.93,0.94
155,"vann (beverage)","word","food_drink",0.25,0.37,0.41,0.54,0.64,0.7,0.76,0.84,0.84,0.88,0.92,0.93,0.95,0.95,0.94,0.97,0.97,0.97,0.98,0.98,0.97
156,"yoghurt","word","food_drink",0.13,0.2,0.28,0.42,0.52,0.56,0.64,0.73,0.76,0.82,0.86,0.9,0.92,0.92,0.94,0.94,0.96,0.96,0.96,0.98,0.96
157,"belte","word","clothing",0.01,0.03,0.05,0.06,0.1,0.12,0.17,0.25,0.31,0.36,0.44,0.49,0.53,0.54,0.64,0.61,0.7,0.72,0.77,0.79,0.83
158,"bleie","word","clothing",0.26,0.42,0.55,0.64,0.77,0.79,0.84,0.89,0.9,0.93,0.94,0.95,0.96,0.97,0.97,0.98,0.99,0.98,0.99,0.99,0.97
159,"bukse","word","clothing",0.13,0.19,0.34,0.43,0.58,0.63,0.71,0.81,0.83,0.88,0.91,0.92,0.94,0.95,0.95,0.95,0.98,0.97,0.98,0.98,0.97
160,"dress (ute)","word","clothing",0.03,0.09,0.13,0.22,0.33,0.38,0.49,0.6,0.61,0.69,0.74,0.77,0.84,0.86,0.87,0.88,0.92,0.94,0.94,0.96,0.94
161,"genser","word","clothing",0.04,0.1,0.18,0.3,0.39,0.43,0.56,0.68,0.71,0.78,0.83,0.88,0.9,0.91,0.93,0.94,0.95,0.96,0.96,0.98,0.96
162,"glidelås","word","clothing",0.01,0.02,0.04,0.06,0.09,0.13,0.19,0.27,0.33,0.43,0.48,0.56,0.59,0.59,0.66,0.68,0.75,0.76,0.78,0.84,0.86
163,"halskjede","word","clothing",0.01,0.03,0.03,0.03,0.08,0.11,0.16,0.2,0.21,0.3,0.34,0.4,0.39,0.38,0.43,0.42,0.53,0.5,0.52,0.53,0.51
164,"hansker","word","clothing",0,0.02,0.03,0.05,0.08,0.11,0.15,0.2,0.25,0.33,0.41,0.47,0.49,0.5,0.6,0.64,0.68,0.68,0.73,0.78,0.79
165,"jakke","word","clothing",0.13,0.21,0.35,0.46,0.58,0.63,0.69,0.78,0.82,0.85,0.89,0.92,0.94,0.94,0.96,0.96,0.97,0.97,0.97,0.99,0.97
166,"joggesko","word","clothing",0.01,0.02,0.01,0.04,0.08,0.06,0.11,0.18,0.27,0.37,0.4,0.52,0.54,0.57,0.63,0.64,0.69,0.73,0.79,0.8,0.83
167,"kjole","word","clothing",0.02,0.08,0.09,0.16,0.3,0.31,0.39,0.5,0.5,0.58,0.67,0.7,0.73,0.78,0.81,0.81,0.85,0.85,0.89,0.9,0.89
168,"knapper","word","clothing",0.06,0.08,0.14,0.19,0.28,0.31,0.4,0.52,0.53,0.61,0.68,0.75,0.75,0.77,0.8,0.82,0.88,0.86,0.9,0.93,0.92
169,"lue","word","clothing",0.15,0.28,0.41,0.53,0.65,0.69,0.75,0.82,0.87,0.88,0.92,0.93,0.94,0.94,0.95,0.96,0.97,0.96,0.98,0.99,0.96
170,"pysjamas","word","clothing",0.07,0.13,0.19,0.28,0.4,0.43,0.52,0.63,0.63,0.73,0.78,0.81,0.83,0.86,0.87,0.88,0.93,0.92,0.92,0.93,0.92
171,"regntøy","word","clothing",0,0,0.01,0.04,0.06,0.11,0.16,0.26,0.31,0.45,0.54,0.57,0.69,0.68,0.75,0.77,0.83,0.84,0.85,0.92,0.91
172,"sandaler","word","clothing",0.01,0.02,0.03,0.05,0.09,0.1,0.15,0.23,0.26,0.4,0.48,0.55,0.6,0.61,0.69,0.71,0.77,0.8,0.8,0.82,0.88
173,"shorts","word","clothing",0,0.01,0.03,0.03,0.07,0.07,0.11,0.16,0.23,0.3,0.41,0.45,0.55,0.57,0.66,0.71,0.74,0.74,0.83,0.85,0.86
174,"skjerf","word","clothing",0.01,0.04,0.06,0.1,0.15,0.17,0.25,0.34,0.37,0.45,0.53,0.54,0.61,0.62,0.7,0.71,0.79,0.81,0.83,0.86,0.84
175,"skjorte","word","clothing",0,0.02,0.02,0.04,0.07,0.1,0.16,0.2,0.26,0.36,0.4,0.44,0.52,0.55,0.62,0.65,0.69,0.7,0.78,0.77,0.82
176,"sko","word","clothing",0.37,0.49,0.64,0.67,0.79,0.83,0.84,0.91,0.92,0.93,0.95,0.96,0.95,0.96,0.97,0.97,0.99,0.98,0.98,0.99,0.97
177,"smekke","word","clothing",0.08,0.15,0.22,0.29,0.41,0.44,0.51,0.63,0.64,0.72,0.75,0.78,0.79,0.78,0.83,0.83,0.86,0.86,0.84,0.87,0.87
178,"smokk","word","clothing",0.2,0.36,0.38,0.49,0.61,0.63,0.67,0.74,0.77,0.79,0.83,0.84,0.88,0.9,0.89,0.88,0.92,0.91,0.93,0.94,0.9
179,"sokker","word","clothing",0.15,0.21,0.32,0.4,0.51,0.58,0.68,0.74,0.77,0.84,0.87,0.91,0.9,0.93,0.94,0.94,0.95,0.97,0.97,0.98,0.97
180,"støvler","word","clothing",0.01,0.08,0.11,0.19,0.26,0.33,0.47,0.54,0.61,0.71,0.76,0.81,0.84,0.87,0.9,0.92,0.94,0.95,0.96,0.97,0.95
181,"strømpebukse","word","clothing",0.01,0.06,0.1,0.14,0.22,0.27,0.37,0.47,0.53,0.63,0.69,0.73,0.77,0.77,0.85,0.85,0.9,0.93,0.94,0.94,0.95
182,"strømper","word","clothing",0.01,0.02,0.04,0.05,0.1,0.12,0.17,0.21,0.28,0.33,0.38,0.41,0.46,0.47,0.54,0.56,0.59,0.61,0.64,0.68,0.68
183,"t-skjorte","word","clothing",0,0.01,0.01,0.02,0.05,0.07,0.12,0.17,0.24,0.36,0.42,0.5,0.57,0.6,0.67,0.68,0.73,0.73,0.81,0.85,0.85
184,"tøfler","word","clothing",0.04,0.04,0.08,0.19,0.22,0.26,0.35,0.43,0.45,0.54,0.59,0.64,0.69,0.72,0.74,0.78,0.83,0.82,0.85,0.87,0.89
185,"underbukse","word","clothing",0.01,0,0.02,0.03,0.06,0.07,0.14,0.19,0.22,0.32,0.4,0.48,0.5,0.51,0.58,0.62,0.69,0.69,0.76,0.78,0.79
186,"votter","word","clothing",0.05,0.14,0.22,0.3,0.42,0.48,0.57,0.67,0.69,0.74,0.8,0.82,0.85,0.87,0.91,0.93,0.95,0.95,0.95,0.97,0.96
187,"ankel","word","body_parts",0,0,0.01,0,0.02,0.01,0.02,0.02,0.05,0.06,0.09,0.12,0.1,0.13,0.16,0.14,0.19,0.19,0.24,0.23,0.23
188,"ansikt","word","body_parts",0.01,0.04,0.06,0.12,0.19,0.23,0.31,0.42,0.5,0.58,0.7,0.72,0.78,0.81,0.83,0.86,0.89,0.92,0.92,0.95,0.94
189,"arm","word","body_parts",0.03,0.08,0.1,0.19,0.33,0.36,0.49,0.59,0.66,0.73,0.81,0.82,0.86,0.88,0.9,0.9,0.95,0.95,0.96,0.98,0.96
190,"bein","word","body_parts",0.01,0.03,0.08,0.16,0.28,0.31,0.39,0.49,0.54,0.64,0.72,0.71,0.77,0.78,0.84,0.84,0.89,0.9,0.89,0.91,0.9
191,"finger","word","body_parts",0.02,0.08,0.1,0.19,0.34,0.35,0.5,0.58,0.66,0.73,0.78,0.82,0.86,0.88,0.9,0.92,0.95,0.96,0.97,0.97,0.96
192,"fot","word","body_parts",0.09,0.19,0.28,0.34,0.46,0.52,0.62,0.7,0.76,0.81,0.86,0.87,0.9,0.92,0.92,0.93,0.94,0.95,0.95,0.97,0.96
193,"hake","word","body_parts",0.03,0.08,0.09,0.16,0.25,0.29,0.38,0.47,0.51,0.63,0.7,0.75,0.77,0.76,0.81,0.82,0.88,0.9,0.9,0.9,0.92
194,"hånd","word","body_parts",0.05,0.15,0.16,0.28,0.4,0.46,0.56,0.67,0.72,0.78,0.82,0.86,0.9,0.91,0.92,0.92,0.96,0.96,0.95,0.98,0.96
195,"hår","word","body_parts",0.09,0.19,0.26,0.33,0.49,0.54,0.65,0.74,0.79,0.83,0.87,0.88,0.91,0.94,0.95,0.96,0.96,0.96,0.97,0.98,0.96
196,"hode","word","body_parts",0.1,0.18,0.25,0.33,0.44,0.5,0.58,0.7,0.76,0.81,0.86,0.9,0.91,0.92,0.93,0.94,0.94,0.96,0.97,0.98,0.97
197,"kinn","word","body_parts",0.03,0.08,0.1,0.19,0.26,0.35,0.41,0.46,0.56,0.63,0.71,0.73,0.76,0.8,0.82,0.82,0.89,0.87,0.9,0.93,0.92
198,"kne","word","body_parts",0.02,0.03,0.07,0.11,0.18,0.21,0.31,0.36,0.47,0.55,0.62,0.69,0.72,0.75,0.81,0.81,0.87,0.87,0.9,0.92,0.92
199,"lepper","word","body_parts",0,0.01,0.02,0.04,0.08,0.1,0.14,0.2,0.24,0.34,0.4,0.45,0.5,0.52,0.62,0.63,0.7,0.73,0.77,0.78,0.81
200,"mage","word","body_parts",0.09,0.22,0.3,0.41,0.52,0.59,0.67,0.77,0.8,0.85,0.88,0.91,0.93,0.94,0.94,0.96,0.97,0.96,0.98,0.99,0.97
201,"munn","word","body_parts",0.15,0.27,0.34,0.47,0.62,0.65,0.73,0.79,0.83,0.89,0.89,0.91,0.92,0.94,0.95,0.95,0.97,0.97,0.98,0.99,0.96
202,"navle","word","body_parts",0.07,0.15,0.15,0.24,0.3,0.31,0.43,0.49,0.57,0.65,0.69,0.74,0.78,0.81,0.86,0.83,0.89,0.88,0.89,0.92,0.88
203,"nese","word","body_parts",0.2,0.4,0.49,0.55,0.7,0.73,0.77,0.86,0.86,0.9,0.92,0.94,0.94,0.96,0.96,0.96,0.97,0.97,0.98,0.99,0.97
204,"øre","word","body_parts",0.16,0.3,0.39,0.47,0.62,0.68,0.71,0.81,0.82,0.87,0.9,0.92,0.93,0.94,0.94,0.95,0.97,0.97,0.97,0.98,0.96
205,"øye","word","body_parts",0.22,0.4,0.5,0.56,0.71,0.71,0.77,0.83,0.86,0.9,0.93,0.94,0.94,0.96,0.96,0.96,0.97,0.97,0.99,0.98,0.97
206,"pupp","word","body_parts",0.18,0.24,0.31,0.36,0.5,0.46,0.55,0.63,0.63,0.72,0.74,0.78,0.8,0.82,0.88,0.85,0.88,0.89,0.92,0.92,0.92
207,"rumpe","word","body_parts",0.03,0.06,0.1,0.2,0.26,0.36,0.47,0.57,0.62,0.7,0.76,0.82,0.85,0.87,0.91,0.91,0.94,0.95,0.95,0.97,0.95
208,"rygg","word","body_parts",0.01,0.01,0.02,0.04,0.1,0.17,0.24,0.33,0.4,0.51,0.61,0.67,0.73,0.75,0.81,0.82,0.88,0.9,0.92,0.91,0.92
209,"skulder","word","body_parts",0,0,0.01,0.04,0.06,0.05,0.11,0.12,0.18,0.25,0.3,0.38,0.39,0.42,0.5,0.5,0.57,0.58,0.65,0.66,0.7
210,"tenner","word","body_parts",0.05,0.13,0.13,0.24,0.35,0.41,0.54,0.63,0.69,0.77,0.81,0.84,0.88,0.89,0.91,0.93,0.96,0.96,0.97,0.98,0.97
211,"tiss","word","body_parts",0.19,0.35,0.42,0.44,0.55,0.61,0.72,0.76,0.78,0.83,0.85,0.86,0.89,0.91,0.93,0.93,0.94,0.94,0.97,0.98,0.96
212,"tunge","word","body_parts",0.01,0.04,0.04,0.14,0.19,0.23,0.33,0.4,0.46,0.58,0.64,0.71,0.75,0.76,0.8,0.85,0.88,0.9,0.91,0.93,0.92
213,"tå","word","body_parts",0.06,0.17,0.21,0.25,0.35,0.41,0.52,0.61,0.64,0.69,0.74,0.79,0.81,0.82,0.87,0.86,0.92,0.9,0.94,0.95,0.94
214,"bilde","word","household",0.09,0.15,0.23,0.31,0.42,0.48,0.57,0.65,0.69,0.78,0.82,0.85,0.87,0.89,0.93,0.92,0.94,0.96,0.96,0.97,0.95
215,"boks","word","household",0.02,0.04,0.07,0.13,0.22,0.21,0.32,0.37,0.44,0.52,0.58,0.62,0.7,0.72,0.77,0.78,0.85,0.86,0.87,0.89,0.88
216,"børste","word","household",0.05,0.1,0.12,0.17,0.29,0.32,0.42,0.51,0.54,0.63,0.69,0.74,0.76,0.77,0.84,0.81,0.86,0.88,0.9,0.92,0.88
217,"bøtte","word","household",0.06,0.1,0.13,0.26,0.36,0.39,0.5,0.54,0.61,0.71,0.78,0.8,0.84,0.87,0.87,0.89,0.94,0.93,0.93,0.95,0.95
218,"brett","word","household",0,0,0.02,0.04,0.04,0.04,0.08,0.11,0.15,0.21,0.27,0.3,0.33,0.38,0.43,0.46,0.53,0.55,0.57,0.65,0.67
219,"briller","word","household",0.04,0.15,0.17,0.29,0.4,0.42,0.53,0.62,0.67,0.77,0.78,0.83,0.86,0.87,0.89,0.92,0.94,0.94,0.95,0.97,0.95
220,"dopapir","word","household",0.01,0.02,0.04,0.09,0.12,0.15,0.26,0.3,0.38,0.51,0.56,0.61,0.67,0.73,0.76,0.79,0.83,0.82,0.89,0.91,0.92
221,"dyne","word","household",0.04,0.08,0.16,0.26,0.37,0.4,0.55,0.62,0.7,0.77,0.83,0.84,0.87,0.9,0.92,0.92,0.95,0.95,0.96,0.97,0.95
222,"eske","word","household",0,0.03,0.04,0.06,0.12,0.12,0.19,0.26,0.32,0.4,0.5,0.52,0.59,0.61,0.68,0.72,0.74,0.77,0.79,0.83,0.81
223,"fat","word","household",0.02,0.04,0.09,0.1,0.17,0.2,0.25,0.3,0.34,0.36,0.45,0.51,0.52,0.54,0.57,0.6,0.68,0.67,0.7,0.74,0.75
224,"flaske","word","household",0.06,0.13,0.18,0.25,0.38,0.37,0.52,0.61,0.64,0.73,0.79,0.83,0.87,0.89,0.9,0.9,0.94,0.95,0.97,0.97,0.94
225,"gåbil","word","household",0,0.02,0.01,0.07,0.05,0.06,0.1,0.11,0.15,0.21,0.24,0.26,0.28,0.33,0.37,0.35,0.41,0.43,0.47,0.48,0.5
226,"gaffel","word","household",0.01,0.1,0.1,0.2,0.32,0.38,0.49,0.58,0.65,0.72,0.8,0.84,0.87,0.89,0.9,0.92,0.93,0.95,0.96,0.98,0.96
227,"glass","word","household",0.04,0.09,0.1,0.19,0.32,0.37,0.47,0.6,0.67,0.72,0.79,0.84,0.86,0.87,0.89,0.91,0.94,0.95,0.96,0.98,0.94
228,"hammer","word","household",0.01,0.03,0.02,0.09,0.09,0.16,0.23,0.29,0.35,0.47,0.51,0.58,0.65,0.67,0.74,0.77,0.81,0.82,0.86,0.88,0.89
229,"håndkle","word","household",0.01,0.03,0.04,0.08,0.12,0.17,0.28,0.37,0.41,0.55,0.62,0.67,0.72,0.72,0.81,0.81,0.87,0.89,0.9,0.92,0.9
230,"kam","word","household",0,0.02,0.04,0.06,0.09,0.1,0.17,0.22,0.27,0.31,0.39,0.43,0.48,0.49,0.54,0.55,0.64,0.66,0.71,0.74,0.74
231,"kamera","word","household",0,0,0.03,0.03,0.04,0.09,0.15,0.18,0.25,0.32,0.4,0.5,0.52,0.56,0.61,0.66,0.71,0.76,0.78,0.78,0.81
232,"kasse","word","household",0.01,0.02,0.03,0.07,0.11,0.11,0.2,0.25,0.3,0.41,0.5,0.51,0.6,0.61,0.65,0.69,0.74,0.8,0.81,0.83,0.89
233,"kjøkkenrull","word","household",0,0,0,0,0.01,0.01,0.03,0.03,0.04,0.06,0.08,0.12,0.16,0.13,0.2,0.19,0.27,0.27,0.28,0.28,0.3
234,"klokke","word","household",0.14,0.22,0.26,0.34,0.45,0.48,0.56,0.65,0.68,0.77,0.8,0.82,0.85,0.87,0.89,0.91,0.94,0.93,0.95,0.96,0.95
235,"kniv","word","household",0.01,0.08,0.07,0.19,0.28,0.35,0.45,0.56,0.63,0.71,0.78,0.82,0.87,0.9,0.91,0.91,0.94,0.95,0.96,0.97,0.96
236,"kopp","word","household",0.11,0.22,0.3,0.38,0.56,0.55,0.64,0.73,0.79,0.83,0.86,0.88,0.91,0.91,0.94,0.94,0.95,0.97,0.96,0.98,0.96
237,"kost","word","household",0.02,0.05,0.07,0.12,0.17,0.23,0.29,0.39,0.44,0.54,0.62,0.66,0.7,0.72,0.78,0.79,0.84,0.85,0.89,0.9,0.9
238,"krukke","word","household",0,0,0,0.01,0.01,0.01,0.02,0.03,0.05,0.08,0.12,0.12,0.18,0.17,0.22,0.22,0.29,0.29,0.35,0.35,0.36
239,"krus","word","household",0,0,0.01,0.02,0.03,0.04,0.05,0.07,0.13,0.17,0.18,0.23,0.28,0.27,0.36,0.32,0.41,0.44,0.51,0.49,0.43
240,"lampe","word","household",0.04,0.09,0.1,0.19,0.22,0.27,0.37,0.47,0.5,0.6,0.67,0.72,0.75,0.77,0.83,0.84,0.87,0.89,0.91,0.93,0.92
241,"lommebok","word","household",0,0,0.01,0.03,0.06,0.05,0.12,0.19,0.26,0.33,0.4,0.44,0.5,0.52,0.62,0.61,0.69,0.72,0.73,0.76,0.76
242,"lys","word","household",0.35,0.46,0.51,0.59,0.68,0.7,0.77,0.84,0.84,0.88,0.9,0.92,0.94,0.92,0.95,0.95,0.96,0.96,0.97,0.98,0.95
243,"medisin","word","household",0.02,0.02,0.02,0.04,0.09,0.13,0.16,0.24,0.32,0.38,0.47,0.5,0.58,0.62,0.67,0.69,0.77,0.79,0.81,0.84,0.84
244,"nøkler","word","household",0.02,0.1,0.11,0.19,0.27,0.33,0.43,0.56,0.59,0.68,0.74,0.8,0.81,0.85,0.88,0.88,0.92,0.94,0.95,0.96,0.95
245,"papir","word","household",0.01,0.07,0.1,0.21,0.28,0.33,0.47,0.55,0.61,0.68,0.76,0.81,0.83,0.85,0.87,0.9,0.92,0.95,0.95,0.96,0.93
246,"penger","word","household",0.01,0.02,0.04,0.09,0.17,0.2,0.31,0.4,0.48,0.56,0.64,0.71,0.76,0.78,0.86,0.85,0.88,0.93,0.94,0.92,0.93
247,"plante","word","household",0.01,0.02,0.02,0.06,0.06,0.08,0.15,0.16,0.22,0.28,0.36,0.38,0.45,0.43,0.5,0.51,0.58,0.6,0.63,0.64,0.7
248,"pute","word","household",0.05,0.12,0.2,0.26,0.36,0.44,0.55,0.63,0.72,0.77,0.8,0.86,0.87,0.89,0.92,0.92,0.95,0.95,0.96,0.96,0.95
249,"radio","word","household",0,0.02,0.02,0.04,0.06,0.1,0.13,0.2,0.27,0.36,0.39,0.43,0.52,0.58,0.63,0.64,0.69,0.75,0.78,0.78,0.82
250,"saks","word","household",0.01,0.03,0.03,0.09,0.13,0.23,0.28,0.39,0.48,0.61,0.66,0.74,0.79,0.81,0.85,0.88,0.9,0.94,0.94,0.96,0.94
251,"såpe","word","household",0.01,0.08,0.11,0.17,0.3,0.35,0.46,0.57,0.63,0.72,0.78,0.83,0.87,0.87,0.91,0.91,0.94,0.96,0.96,0.97,0.96
252,"sekk","word","household",0.02,0.02,0.09,0.08,0.15,0.21,0.3,0.37,0.43,0.54,0.61,0.66,0.72,0.76,0.8,0.82,0.86,0.88,0.88,0.9,0.87
253,"serviett","word","household",0,0,0.01,0.02,0.04,0.06,0.1,0.13,0.19,0.29,0.35,0.41,0.48,0.51,0.6,0.58,0.66,0.69,0.72,0.74,0.77
254,"skål","word","household",0,0.01,0.03,0.06,0.12,0.15,0.2,0.23,0.28,0.35,0.42,0.48,0.56,0.56,0.62,0.63,0.75,0.74,0.77,0.79,0.82
255,"skje","word","household",0.08,0.2,0.26,0.34,0.5,0.53,0.62,0.7,0.73,0.8,0.84,0.88,0.9,0.91,0.92,0.93,0.95,0.95,0.96,0.98,0.95
256,"søppel","word","household",0.02,0.09,0.16,0.21,0.31,0.35,0.46,0.55,0.63,0.68,0.74,0.81,0.82,0.85,0.85,0.88,0.91,0.91,0.92,0.93,0.93
257,"søppelbøtte","word","household",0,0.02,0.03,0.03,0.06,0.1,0.17,0.22,0.29,0.37,0.42,0.5,0.53,0.56,0.64,0.66,0.75,0.74,0.78,0.78,0.84
258,"støvsuger","word","household",0.01,0.02,0.07,0.12,0.17,0.22,0.28,0.39,0.45,0.56,0.62,0.68,0.75,0.75,0.81,0.83,0.87,0.91,0.92,0.91,0.93
259,"tallerken","word","household",0,0.04,0.03,0.11,0.14,0.2,0.26,0.33,0.43,0.52,0.6,0.64,0.68,0.74,0.78,0.77,0.84,0.84,0.88,0.87,0.9
260,"tannbørste","word","household",0.06,0.1,0.13,0.2,0.3,0.34,0.44,0.55,0.57,0.67,0.75,0.8,0.84,0.87,0.89,0.92,0.93,0.94,0.95,0.96,0.95
261,"telefon","word","household",0.06,0.14,0.16,0.29,0.38,0.46,0.59,0.65,0.7,0.8,0.83,0.86,0.89,0.9,0.92,0.94,0.96,0.95,0.97,0.97,0.96
262,"teppe","word","household",0.03,0.07,0.12,0.19,0.26,0.33,0.44,0.54,0.56,0.67,0.72,0.76,0.81,0.82,0.87,0.88,0.93,0.92,0.93,0.95,0.92
263,"veske","word","household",0.02,0.04,0.07,0.14,0.19,0.24,0.35,0.42,0.49,0.58,0.65,0.68,0.76,0.76,0.82,0.83,0.9,0.9,0.91,0.92,0.92
264,"bad","word","furniture_rooms",0.26,0.36,0.4,0.51,0.59,0.63,0.71,0.77,0.79,0.84,0.87,0.89,0.9,0.92,0.93,0.93,0.95,0.97,0.95,0.98,0.97
265,"badekar","word","furniture_rooms",0.03,0.06,0.06,0.13,0.15,0.2,0.27,0.37,0.47,0.56,0.62,0.65,0.72,0.76,0.78,0.83,0.89,0.89,0.9,0.92,0.9
266,"balkong","word","furniture_rooms",0,0.01,0,0.01,0.02,0.02,0.02,0.04,0.07,0.08,0.1,0.15,0.16,0.18,0.19,0.21,0.28,0.27,0.28,0.3,0.27
267,"barneseng","word","furniture_rooms",0,0.01,0.02,0.03,0.03,0.05,0.08,0.11,0.15,0.19,0.27,0.31,0.32,0.36,0.43,0.47,0.54,0.54,0.62,0.6,0.64
268,"barnestol","word","furniture_rooms",0,0.01,0.02,0.04,0.04,0.06,0.1,0.11,0.16,0.23,0.3,0.33,0.37,0.39,0.47,0.51,0.56,0.58,0.63,0.65,0.67
269,"bord","word","furniture_rooms",0.03,0.08,0.14,0.24,0.37,0.41,0.53,0.63,0.67,0.75,0.82,0.84,0.87,0.9,0.93,0.93,0.95,0.97,0.95,0.98,0.96
270,"do","word","furniture_rooms",0.12,0.21,0.27,0.34,0.49,0.57,0.65,0.73,0.77,0.85,0.89,0.9,0.93,0.94,0.95,0.97,0.97,0.97,0.96,0.99,0.97
271,"dør","word","furniture_rooms",0.04,0.09,0.09,0.2,0.35,0.39,0.5,0.61,0.67,0.75,0.8,0.84,0.87,0.91,0.92,0.93,0.96,0.97,0.96,0.98,0.97
272,"dusj","word","furniture_rooms",0.13,0.2,0.3,0.42,0.49,0.59,0.65,0.75,0.76,0.82,0.85,0.87,0.91,0.94,0.93,0.95,0.95,0.97,0.95,0.96,0.97
273,"garasje","word","furniture_rooms",0,0.01,0.01,0.05,0.08,0.08,0.16,0.23,0.29,0.41,0.48,0.53,0.61,0.65,0.72,0.74,0.82,0.84,0.83,0.85,0.91
274,"gyngestol","word","furniture_rooms",0,0,0.01,0.01,0.02,0.02,0.06,0.04,0.09,0.13,0.17,0.2,0.21,0.25,0.31,0.31,0.38,0.4,0.44,0.44,0.45
275,"kjeller","word","furniture_rooms",0.01,0,0.02,0.03,0.05,0.08,0.13,0.19,0.24,0.35,0.41,0.44,0.52,0.56,0.61,0.64,0.72,0.74,0.79,0.79,0.81
276,"kjøkken","word","furniture_rooms",0.02,0.04,0.06,0.12,0.18,0.24,0.34,0.45,0.51,0.63,0.72,0.74,0.79,0.84,0.88,0.88,0.94,0.93,0.93,0.96,0.95
277,"kjøleskap","word","furniture_rooms",0.01,0.01,0.02,0.08,0.09,0.15,0.24,0.33,0.39,0.55,0.62,0.68,0.75,0.75,0.84,0.83,0.89,0.92,0.93,0.92,0.95
278,"komfyr","word","furniture_rooms",0,0,0.02,0.02,0.04,0.06,0.11,0.12,0.16,0.25,0.31,0.33,0.38,0.45,0.49,0.46,0.57,0.58,0.63,0.7,0.69
279,"lekegrind","word","furniture_rooms",0,0,0.01,0.01,0.01,0.01,0.02,0.03,0.07,0.1,0.14,0.16,0.19,0.22,0.26,0.26,0.34,0.34,0.37,0.45,0.48
280,"ovn","word","furniture_rooms",0.02,0.04,0.03,0.13,0.16,0.2,0.28,0.34,0.41,0.52,0.57,0.63,0.69,0.69,0.77,0.8,0.84,0.86,0.85,0.89,0.92
281,"PC","word","furniture_rooms",0,0.03,0.03,0.06,0.08,0.11,0.16,0.23,0.29,0.34,0.4,0.47,0.49,0.52,0.56,0.61,0.67,0.65,0.68,0.7,0.7
282,"potte","word","furniture_rooms",0.03,0.08,0.16,0.16,0.24,0.29,0.34,0.42,0.44,0.58,0.6,0.67,0.68,0.7,0.74,0.77,0.84,0.83,0.84,0.87,0.85
283,"rom","word","furniture_rooms",0.01,0.02,0.03,0.09,0.15,0.17,0.25,0.36,0.4,0.52,0.63,0.68,0.72,0.78,0.8,0.82,0.87,0.89,0.89,0.92,0.92
284,"seng","word","furniture_rooms",0.04,0.14,0.21,0.28,0.46,0.5,0.61,0.71,0.75,0.81,0.85,0.9,0.9,0.93,0.94,0.96,0.97,0.97,0.96,0.99,0.97
285,"skap","word","furniture_rooms",0.01,0.02,0.03,0.07,0.13,0.16,0.26,0.33,0.38,0.52,0.6,0.65,0.72,0.75,0.8,0.82,0.89,0.92,0.91,0.93,0.93
286,"skuff","word","furniture_rooms",0.02,0,0.01,0.04,0.09,0.14,0.19,0.27,0.32,0.44,0.54,0.58,0.64,0.69,0.72,0.77,0.82,0.84,0.84,0.88,0.89
287,"sofa","word","furniture_rooms",0.01,0.07,0.09,0.19,0.26,0.33,0.44,0.55,0.59,0.67,0.76,0.77,0.83,0.86,0.9,0.91,0.92,0.95,0.95,0.97,0.96
288,"soverom","word","furniture_rooms",0,0.01,0.01,0.03,0.05,0.08,0.14,0.22,0.27,0.38,0.47,0.52,0.59,0.61,0.67,0.69,0.78,0.83,0.83,0.83,0.86
289,"stol","word","furniture_rooms",0.07,0.17,0.26,0.33,0.46,0.51,0.61,0.7,0.71,0.8,0.85,0.88,0.89,0.91,0.92,0.93,0.95,0.96,0.95,0.99,0.95
290,"stue","word","furniture_rooms",0.01,0.02,0.06,0.11,0.17,0.24,0.31,0.44,0.49,0.58,0.68,0.7,0.77,0.79,0.84,0.86,0.92,0.91,0.91,0.96,0.96
291,"terrasse","word","furniture_rooms",0,0,0.01,0.01,0.01,0.03,0.03,0.07,0.11,0.17,0.2,0.28,0.31,0.32,0.35,0.4,0.5,0.51,0.52,0.52,0.59
292,"tørketrommel","word","furniture_rooms",0,0,0,0,0.01,0.01,0.03,0.05,0.08,0.12,0.16,0.19,0.24,0.27,0.32,0.3,0.38,0.4,0.41,0.49,0.5
293,"trapp","word","furniture_rooms",0.05,0.09,0.12,0.17,0.29,0.34,0.45,0.55,0.6,0.68,0.75,0.8,0.82,0.84,0.9,0.9,0.93,0.94,0.93,0.97,0.95
294,"TV","word","furniture_rooms",0.07,0.11,0.12,0.24,0.34,0.37,0.47,0.61,0.64,0.73,0.82,0.83,0.88,0.9,0.93,0.92,0.95,0.96,0.96,0.98,0.96
295,"vask","word","furniture_rooms",0.01,0.04,0.04,0.09,0.15,0.22,0.29,0.38,0.45,0.54,0.65,0.68,0.75,0.76,0.82,0.84,0.87,0.88,0.91,0.93,0.93
296,"vaskemaskin","word","furniture_rooms",0,0.01,0.02,0.05,0.04,0.12,0.19,0.23,0.29,0.4,0.48,0.54,0.62,0.64,0.72,0.74,0.78,0.84,0.83,0.87,0.89
297,"vindu","word","furniture_rooms",0.02,0.05,0.06,0.13,0.18,0.24,0.32,0.43,0.49,0.61,0.7,0.73,0.79,0.84,0.86,0.88,0.9,0.93,0.92,0.94,0.96
298,"badebasseng","word","outside",0.02,0.01,0.01,0.04,0.06,0.06,0.12,0.16,0.21,0.32,0.4,0.46,0.53,0.56,0.61,0.68,0.74,0.75,0.79,0.81,0.88
299,"bakgård","word","outside",0,0,0,0,0,0,0.01,0.01,0.02,0.02,0.03,0.04,0.06,0.06,0.06,0.05,0.1,0.12,0.12,0.14,0.11
300,"blomst","word","outside",0.15,0.23,0.25,0.36,0.52,0.53,0.63,0.7,0.74,0.81,0.84,0.87,0.88,0.91,0.94,0.93,0.95,0.97,0.95,0.98,0.96
301,"fjell","word","outside",0.01,0.01,0.02,0.05,0.09,0.12,0.19,0.24,0.34,0.42,0.52,0.54,0.63,0.67,0.72,0.75,0.83,0.83,0.87,0.88,0.91
302,"flagg","word","outside",0.02,0.02,0.04,0.09,0.13,0.17,0.23,0.34,0.45,0.55,0.6,0.68,0.75,0.77,0.81,0.86,0.89,0.91,0.92,0.93,0.95
303,"fortau","word","outside",0,0,0,0.01,0.02,0.02,0.02,0.04,0.1,0.15,0.2,0.24,0.27,0.32,0.38,0.4,0.47,0.5,0.55,0.62,0.63
304,"gress","word","outside",0.03,0.06,0.07,0.14,0.19,0.23,0.33,0.46,0.53,0.63,0.71,0.76,0.82,0.83,0.88,0.88,0.92,0.95,0.94,0.96,0.94
305,"gressklipper","word","outside",0,0,0.01,0.02,0.02,0.05,0.08,0.11,0.16,0.27,0.33,0.4,0.44,0.49,0.51,0.59,0.66,0.68,0.73,0.72,0.79
306,"himmel","word","outside",0.01,0.02,0.04,0.08,0.12,0.18,0.22,0.32,0.41,0.52,0.59,0.62,0.69,0.72,0.8,0.83,0.87,0.88,0.88,0.93,0.94
307,"huske (object)","word","outside",0.07,0.15,0.18,0.25,0.4,0.4,0.47,0.57,0.63,0.7,0.76,0.8,0.83,0.81,0.83,0.84,0.89,0.89,0.89,0.89,0.88
308,"kjelke","word","outside",0,0.01,0.02,0.03,0.03,0.07,0.09,0.14,0.16,0.24,0.28,0.33,0.38,0.41,0.48,0.5,0.54,0.57,0.64,0.64,0.64
309,"måne","word","outside",0.06,0.13,0.17,0.32,0.36,0.45,0.53,0.62,0.68,0.72,0.75,0.82,0.87,0.88,0.91,0.92,0.93,0.93,0.94,0.98,0.96
310,"pinne","word","outside",0.01,0.03,0.06,0.11,0.14,0.18,0.26,0.39,0.46,0.56,0.62,0.69,0.75,0.79,0.82,0.86,0.88,0.92,0.92,0.95,0.93
311,"regn","word","outside",0.01,0.04,0.1,0.16,0.24,0.29,0.41,0.47,0.57,0.69,0.77,0.82,0.86,0.89,0.9,0.9,0.93,0.96,0.95,0.98,0.96
312,"sandkasse","word","outside",0.01,0.03,0.04,0.11,0.15,0.18,0.27,0.36,0.42,0.56,0.65,0.71,0.77,0.79,0.83,0.85,0.91,0.9,0.91,0.95,0.94
313,"sklie","word","outside",0.04,0.08,0.12,0.18,0.31,0.34,0.43,0.55,0.6,0.7,0.74,0.77,0.82,0.82,0.86,0.87,0.9,0.91,0.91,0.92,0.9
314,"skyer","word","outside",0.01,0.01,0.02,0.06,0.09,0.12,0.19,0.28,0.36,0.44,0.5,0.57,0.64,0.67,0.75,0.75,0.82,0.84,0.88,0.91,0.92
315,"snø","word","outside",0.06,0.14,0.18,0.32,0.41,0.49,0.57,0.68,0.69,0.79,0.82,0.83,0.89,0.92,0.93,0.95,0.96,0.97,0.97,0.99,0.97
316,"snømann","word","outside",0.01,0,0.01,0.05,0.09,0.16,0.22,0.33,0.39,0.49,0.56,0.6,0.67,0.75,0.79,0.82,0.88,0.87,0.89,0.92,0.93
317,"sol","word","outside",0.08,0.11,0.17,0.27,0.37,0.45,0.55,0.62,0.71,0.78,0.84,0.85,0.9,0.9,0.92,0.94,0.96,0.97,0.96,0.99,0.98
318,"spade","word","outside",0.05,0.13,0.19,0.27,0.37,0.44,0.52,0.62,0.66,0.75,0.8,0.82,0.87,0.87,0.91,0.93,0.94,0.96,0.95,0.97,0.95
319,"steiner","word","outside",0.02,0.1,0.14,0.17,0.25,0.31,0.44,0.55,0.61,0.7,0.76,0.8,0.85,0.85,0.9,0.91,0.93,0.95,0.94,0.97,0.94
320,"stige","word","outside",0.01,0,0.03,0.04,0.04,0.06,0.11,0.18,0.26,0.34,0.41,0.48,0.54,0.57,0.63,0.7,0.74,0.76,0.82,0.83,0.88
321,"stjerner","word","outside",0.01,0.06,0.06,0.16,0.17,0.24,0.33,0.41,0.48,0.56,0.61,0.67,0.71,0.76,0.83,0.84,0.86,0.88,0.89,0.93,0.92
322,"tak","word","outside",0.02,0.04,0.08,0.09,0.18,0.19,0.29,0.36,0.45,0.54,0.62,0.66,0.74,0.77,0.83,0.86,0.87,0.91,0.91,0.95,0.94
323,"trampoline","word","outside",0.01,0,0.02,0.04,0.08,0.08,0.13,0.18,0.24,0.38,0.44,0.51,0.55,0.62,0.66,0.73,0.74,0.77,0.82,0.85,0.85
324,"tre","word","outside",0.04,0.09,0.08,0.17,0.23,0.28,0.39,0.5,0.56,0.63,0.73,0.75,0.8,0.84,0.88,0.89,0.91,0.93,0.95,0.96,0.94
325,"vann (not beverage)","word","outside",0.13,0.24,0.29,0.45,0.57,0.61,0.7,0.79,0.79,0.87,0.9,0.91,0.93,0.94,0.95,0.96,0.97,0.97,0.97,0.98,0.97
326,"vannslange","word","outside",0,0,0.01,0.03,0.01,0.02,0.05,0.06,0.09,0.17,0.24,0.28,0.32,0.39,0.44,0.5,0.57,0.62,0.67,0.69,0.77
327,"vei","word","outside",0.01,0.03,0.03,0.08,0.13,0.17,0.29,0.38,0.49,0.57,0.69,0.7,0.78,0.82,0.85,0.88,0.91,0.93,0.93,0.96,0.95
328,"vind","word","outside",0.01,0.03,0.04,0.07,0.09,0.15,0.18,0.26,0.31,0.39,0.48,0.53,0.59,0.62,0.7,0.72,0.76,0.78,0.8,0.84,0.86
329,"bensinstasjon","word","places",0,0,0,0.01,0.02,0.02,0.03,0.06,0.11,0.16,0.23,0.3,0.35,0.38,0.43,0.48,0.58,0.57,0.66,0.69,0.69
330,"bondegård","word","places",0,0,0.02,0.02,0.02,0.03,0.06,0.1,0.13,0.2,0.29,0.3,0.35,0.4,0.42,0.48,0.6,0.57,0.62,0.66,0.66
331,"butikk","word","places",0.06,0.08,0.11,0.2,0.28,0.34,0.43,0.58,0.64,0.74,0.8,0.84,0.88,0.88,0.92,0.93,0.96,0.96,0.97,0.97,0.96
332,"byen","word","places",0,0.02,0.01,0.05,0.08,0.09,0.14,0.18,0.26,0.32,0.38,0.43,0.53,0.54,0.64,0.63,0.72,0.71,0.74,0.77,0.79
333,"campingplass","word","places",0,0,0,0,0,0,0.01,0.02,0.03,0.03,0.07,0.09,0.1,0.12,0.17,0.15,0.22,0.22,0.28,0.29,0.32
334,"dyrehage","word","places",0,0,0.01,0.01,0.02,0.01,0.05,0.05,0.07,0.15,0.18,0.22,0.26,0.32,0.4,0.39,0.5,0.46,0.58,0.62,0.61
335,"fest","word","places",0,0.01,0.01,0.03,0.05,0.06,0.08,0.15,0.17,0.27,0.31,0.34,0.4,0.42,0.53,0.52,0.64,0.6,0.67,0.72,0.74
336,"hage","word","places",0.01,0.01,0.02,0.07,0.09,0.12,0.2,0.28,0.33,0.47,0.54,0.56,0.66,0.64,0.73,0.77,0.81,0.81,0.85,0.86,0.85
337,"hjem","word","places",0.09,0.1,0.17,0.25,0.36,0.4,0.49,0.63,0.69,0.75,0.82,0.85,0.89,0.89,0.92,0.93,0.96,0.95,0.95,0.95,0.94
338,"hus","word","places",0.08,0.17,0.2,0.31,0.46,0.45,0.58,0.64,0.68,0.78,0.81,0.85,0.87,0.88,0.92,0.94,0.96,0.95,0.96,0.96,0.93
339,"jobb","word","places",0.02,0.03,0.08,0.15,0.26,0.31,0.4,0.52,0.58,0.67,0.76,0.79,0.83,0.87,0.91,0.91,0.95,0.95,0.94,0.94,0.94
340,"kino","word","places",0,0,0.01,0.01,0.01,0.01,0.02,0.05,0.07,0.09,0.15,0.17,0.22,0.25,0.35,0.35,0.45,0.47,0.55,0.61,0.54
341,"kirke","word","places",0.01,0,0,0.02,0.03,0.03,0.06,0.08,0.11,0.19,0.27,0.28,0.36,0.35,0.44,0.48,0.54,0.58,0.63,0.65,0.7
342,"landet","word","places",0,0,0,0.01,0.01,0.01,0.02,0.03,0.05,0.07,0.08,0.12,0.14,0.17,0.21,0.18,0.25,0.26,0.32,0.36,0.34
343,"lekeplass","word","places",0.02,0.02,0.02,0.04,0.07,0.12,0.2,0.27,0.33,0.45,0.54,0.57,0.65,0.65,0.76,0.76,0.81,0.83,0.86,0.89,0.88
344,"park","word","places",0,0,0.01,0.02,0.02,0.03,0.07,0.06,0.11,0.16,0.2,0.25,0.28,0.33,0.42,0.38,0.46,0.47,0.55,0.54,0.52
345,"sirkus","word","places",0,0,0,0,0.01,0.01,0.02,0.03,0.07,0.11,0.14,0.16,0.21,0.23,0.33,0.31,0.42,0.46,0.5,0.53,0.54
346,"skogen","word","places",0.01,0.01,0.03,0.07,0.09,0.13,0.2,0.31,0.36,0.46,0.56,0.62,0.68,0.7,0.79,0.8,0.86,0.89,0.9,0.91,0.94
347,"skole","word","places",0.01,0,0.01,0.06,0.1,0.1,0.17,0.19,0.29,0.4,0.5,0.51,0.62,0.65,0.72,0.76,0.84,0.86,0.86,0.87,0.89
348,"strand","word","places",0.01,0,0.01,0.02,0.03,0.04,0.09,0.11,0.16,0.25,0.33,0.39,0.44,0.5,0.57,0.61,0.69,0.72,0.77,0.83,0.82
349,"svømmehall","word","places",0,0,0.01,0.02,0.02,0.02,0.07,0.07,0.11,0.16,0.21,0.22,0.27,0.3,0.38,0.38,0.47,0.47,0.51,0.55,0.56
350,"ut","word","places",0.26,0.4,0.45,0.55,0.67,0.71,0.76,0.82,0.86,0.91,0.92,0.93,0.94,0.94,0.95,0.95,0.97,0.97,0.96,0.97,0.95
351,"baby","word","people",0.4,0.5,0.62,0.7,0.77,0.82,0.85,0.87,0.89,0.94,0.95,0.95,0.96,0.96,0.97,0.97,0.98,0.97,0.98,0.97,0.97
352,"barn","word","people",0.01,0.05,0.08,0.14,0.18,0.18,0.25,0.31,0.41,0.5,0.55,0.61,0.65,0.69,0.74,0.74,0.8,0.81,0.83,0.86,0.86
353,"barnets navn","word","people",0.21,0.28,0.42,0.48,0.59,0.63,0.71,0.76,0.82,0.84,0.89,0.91,0.92,0.93,0.94,0.95,0.96,0.94,0.97,0.97,0.96
354,"barnevaktens navn","word","people",0.08,0.11,0.16,0.16,0.28,0.28,0.36,0.39,0.44,0.53,0.55,0.6,0.62,0.61,0.68,0.7,0.73,0.74,0.77,0.77,0.74
355,"bestefar","word","people",0.11,0.17,0.2,0.3,0.4,0.43,0.45,0.54,0.58,0.62,0.69,0.66,0.72,0.74,0.76,0.74,0.79,0.8,0.83,0.8,0.83
356,"bestemor","word","people",0.16,0.16,0.19,0.27,0.38,0.4,0.43,0.49,0.55,0.61,0.66,0.62,0.7,0.71,0.76,0.73,0.79,0.8,0.81,0.78,0.83
357,"bonde","word","people",0.01,0,0.01,0.02,0.04,0.03,0.06,0.08,0.11,0.15,0.23,0.23,0.24,0.31,0.34,0.36,0.43,0.41,0.5,0.51,0.54
358,"brannmann","word","people",0.01,0,0.01,0.05,0.06,0.09,0.16,0.2,0.3,0.4,0.44,0.52,0.58,0.62,0.66,0.72,0.77,0.8,0.84,0.83,0.85
359,"bror","word","people",0.09,0.14,0.13,0.19,0.21,0.2,0.25,0.29,0.37,0.45,0.48,0.53,0.59,0.62,0.69,0.7,0.8,0.77,0.84,0.82,0.82
360,"cowboy","word","people",0,0,0,0,0.01,0.01,0.02,0.04,0.04,0.08,0.09,0.13,0.13,0.17,0.23,0.19,0.29,0.29,0.36,0.37,0.38
361,"dame","word","people",0.06,0.13,0.16,0.28,0.37,0.43,0.52,0.63,0.66,0.76,0.77,0.82,0.85,0.87,0.91,0.88,0.93,0.94,0.94,0.94,0.95
362,"doktor","word","people",0.01,0.02,0.03,0.04,0.06,0.08,0.13,0.19,0.26,0.39,0.46,0.51,0.57,0.61,0.68,0.71,0.8,0.8,0.82,0.85,0.88
363,"farfar","word","people",0.04,0.12,0.16,0.2,0.25,0.3,0.34,0.38,0.42,0.45,0.52,0.54,0.57,0.53,0.61,0.6,0.63,0.64,0.67,0.69,0.66
364,"farmor","word","people",0.05,0.09,0.14,0.18,0.25,0.28,0.34,0.4,0.46,0.48,0.55,0.61,0.59,0.59,0.63,0.63,0.68,0.66,0.7,0.74,0.71
365,"folk","word","people",0,0,0.01,0.02,0.03,0.03,0.06,0.08,0.11,0.18,0.25,0.29,0.32,0.32,0.42,0.44,0.49,0.53,0.58,0.58,0.7
366,"gutt","word","people",0.07,0.11,0.15,0.28,0.38,0.42,0.53,0.62,0.68,0.76,0.81,0.85,0.87,0.9,0.9,0.91,0.94,0.96,0.97,0.96,0.96
367,"helsesøster","word","people",0,0,0,0.01,0,0.01,0.02,0.01,0.04,0.07,0.1,0.13,0.16,0.19,0.2,0.21,0.27,0.26,0.3,0.32,0.33
368,"jente","word","people",0.06,0.1,0.1,0.21,0.35,0.35,0.44,0.57,0.62,0.71,0.76,0.8,0.83,0.86,0.89,0.88,0.94,0.94,0.95,0.96,0.96
369,"klovn","word","people",0.01,0,0.01,0.01,0.03,0.04,0.09,0.11,0.15,0.22,0.27,0.32,0.38,0.4,0.47,0.46,0.57,0.61,0.67,0.68,0.72
370,"lærer","word","people",0,0,0,0,0.01,0.01,0.03,0.03,0.05,0.07,0.11,0.12,0.17,0.19,0.25,0.26,0.32,0.35,0.4,0.47,0.43
371,"mamma/mor","word","people",0.9,0.88,0.96,0.96,0.98,0.96,0.97,0.97,0.97,0.98,0.98,0.99,0.99,0.97,0.99,0.98,0.99,0.98,0.99,0.98,0.97
372,"mann","word","people",0.11,0.16,0.25,0.4,0.45,0.55,0.62,0.7,0.76,0.82,0.85,0.88,0.89,0.91,0.93,0.9,0.94,0.95,0.96,0.96,0.95
373,"mennesker","word","people",0,0,0,0.01,0.01,0.02,0.05,0.08,0.1,0.17,0.2,0.26,0.32,0.35,0.4,0.43,0.56,0.55,0.62,0.64,0.66
374,"morfar","word","people",0.06,0.11,0.17,0.26,0.26,0.3,0.38,0.41,0.44,0.51,0.53,0.54,0.58,0.54,0.59,0.61,0.61,0.62,0.67,0.68,0.66
375,"mormor","word","people",0.14,0.28,0.33,0.43,0.47,0.51,0.59,0.61,0.62,0.7,0.69,0.7,0.73,0.7,0.75,0.76,0.74,0.76,0.81,0.79,0.79
376,"navn på kjæledyr","word","people",0.18,0.18,0.22,0.25,0.37,0.35,0.44,0.45,0.5,0.55,0.63,0.66,0.66,0.64,0.74,0.72,0.75,0.75,0.84,0.79,0.79
377,"oldefar","word","people",0.01,0.02,0.01,0.04,0.09,0.09,0.12,0.16,0.21,0.21,0.28,0.32,0.34,0.32,0.37,0.36,0.44,0.48,0.45,0.46,0.45
378,"oldemor","word","people",0.01,0.05,0.06,0.08,0.14,0.15,0.23,0.27,0.33,0.35,0.44,0.48,0.48,0.47,0.53,0.55,0.62,0.62,0.62,0.64,0.63
379,"onkel","word","people",0.04,0.14,0.18,0.22,0.3,0.37,0.47,0.54,0.61,0.65,0.74,0.77,0.79,0.82,0.87,0.84,0.9,0.87,0.91,0.91,0.93
380,"pappa/far","word","people",0.88,0.85,0.93,0.93,0.95,0.94,0.95,0.95,0.95,0.96,0.96,0.97,0.97,0.97,0.98,0.97,0.98,0.98,0.98,0.98,0.96
381,"politi","word","people",0,0,0.01,0.04,0.05,0.09,0.15,0.22,0.29,0.4,0.47,0.52,0.62,0.66,0.73,0.76,0.81,0.85,0.9,0.86,0.88
382,"postbud","word","people",0,0,0.01,0.02,0.02,0.04,0.06,0.09,0.12,0.19,0.24,0.26,0.31,0.34,0.41,0.4,0.51,0.54,0.55,0.57,0.61
383,"søster","word","people",0.08,0.1,0.13,0.14,0.15,0.17,0.2,0.23,0.31,0.4,0.47,0.49,0.52,0.59,0.61,0.67,0.75,0.76,0.79,0.81,0.8
384,"tante","word","people",0.17,0.24,0.29,0.37,0.48,0.48,0.58,0.6,0.7,0.72,0.78,0.81,0.83,0.86,0.88,0.87,0.89,0.9,0.92,0.92,0.93
385,"venn","word","people",0.01,0.02,0.02,0.03,0.06,0.08,0.13,0.17,0.23,0.29,0.39,0.38,0.49,0.49,0.59,0.59,0.71,0.73,0.79,0.81,0.86
386,"venninne","word","people",0.01,0.01,0.03,0.03,0.04,0.02,0.05,0.05,0.07,0.09,0.13,0.15,0.2,0.19,0.27,0.27,0.37,0.34,0.4,0.46,0.48
387,"”kommer og tar deg” lek","word","games_routines",0.17,0.19,0.23,0.29,0.35,0.35,0.47,0.52,0.57,0.67,0.72,0.76,0.79,0.82,0.83,0.84,0.86,0.88,0.89,0.91,0.87
388,"bade","word","games_routines",0.49,0.54,0.61,0.69,0.77,0.82,0.86,0.89,0.92,0.94,0.96,0.96,0.96,0.96,0.97,0.97,0.98,0.98,0.98,0.98,0.96
389,"frokost","word","games_routines",0.04,0.07,0.08,0.14,0.21,0.25,0.33,0.46,0.49,0.59,0.68,0.71,0.77,0.81,0.85,0.86,0.9,0.93,0.93,0.94,0.94
390,"gå på do","word","games_routines",0.04,0.07,0.12,0.2,0.26,0.31,0.44,0.48,0.56,0.63,0.71,0.76,0.79,0.79,0.82,0.85,0.89,0.88,0.9,0.95,0.93
391,"god natt","word","games_routines",0.29,0.37,0.45,0.55,0.65,0.71,0.75,0.82,0.86,0.89,0.92,0.93,0.95,0.95,0.96,0.96,0.97,0.98,0.98,0.98,0.96
392,"ha det","word","games_routines",0.72,0.77,0.86,0.86,0.91,0.94,0.93,0.96,0.98,0.97,0.98,0.98,0.98,0.98,0.98,0.98,0.99,0.98,0.98,0.99,0.97
393,"hallo","word","games_routines",0.32,0.39,0.45,0.53,0.62,0.66,0.72,0.77,0.8,0.83,0.86,0.89,0.87,0.89,0.91,0.92,0.94,0.94,0.95,0.94,0.93
394,"handle","word","games_routines",0.01,0.01,0.03,0.04,0.08,0.1,0.18,0.23,0.29,0.4,0.48,0.52,0.59,0.61,0.71,0.74,0.78,0.8,0.81,0.82,0.88
395,"hei","word","games_routines",0.82,0.87,0.9,0.94,0.93,0.95,0.95,0.96,0.95,0.97,0.97,0.96,0.98,0.97,0.97,0.97,0.97,0.98,0.97,0.98,0.97
396,"hysj","word","games_routines",0.32,0.42,0.51,0.59,0.71,0.71,0.75,0.78,0.81,0.86,0.88,0.9,0.93,0.92,0.94,0.94,0.95,0.97,0.97,0.96,0.96
397,"ikke (routine)","word","games_routines",0.11,0.25,0.27,0.36,0.51,0.57,0.64,0.75,0.79,0.85,0.87,0.9,0.93,0.94,0.95,0.94,0.97,0.97,0.97,0.98,0.97
398,"ja","word","games_routines",0.61,0.75,0.8,0.87,0.89,0.91,0.92,0.93,0.96,0.97,0.96,0.98,0.99,0.99,0.99,0.99,0.99,0.98,0.99,0.99,0.96
399,"jo","word","games_routines",0.12,0.16,0.17,0.25,0.31,0.35,0.43,0.48,0.57,0.63,0.68,0.71,0.74,0.78,0.78,0.82,0.84,0.88,0.88,0.9,0.89
400,"klappe kake","word","games_routines",0.15,0.19,0.26,0.31,0.39,0.35,0.45,0.47,0.52,0.59,0.64,0.67,0.68,0.72,0.72,0.7,0.75,0.76,0.78,0.82,0.79
401,"kveldsmat","word","games_routines",0.02,0.04,0.04,0.06,0.09,0.14,0.2,0.27,0.31,0.43,0.52,0.54,0.63,0.69,0.74,0.74,0.78,0.82,0.85,0.84,0.89
402,"Borte! (lek hvor ansikt gjemmes og plutselig vises)","word","games_routines",0.52,0.62,0.63,0.74,0.77,0.8,0.81,0.85,0.86,0.88,0.89,0.9,0.9,0.92,0.91,0.92,0.92,0.9,0.92,0.91,0.9
403,"lunsj","word","games_routines",0.02,0.02,0.01,0.04,0.06,0.11,0.13,0.18,0.23,0.3,0.39,0.39,0.48,0.54,0.57,0.58,0.66,0.66,0.73,0.72,0.76
404,"middag","word","games_routines",0.07,0.09,0.14,0.2,0.31,0.38,0.47,0.57,0.61,0.73,0.78,0.81,0.86,0.87,0.91,0.91,0.94,0.95,0.94,0.97,0.96
405,"nei","word","games_routines",0.75,0.83,0.9,0.93,0.93,0.96,0.98,0.97,0.98,0.98,0.99,1,0.99,0.99,0.99,0.98,0.99,0.99,0.99,0.99,0.98
406,"ringe","word","games_routines",0.06,0.11,0.14,0.24,0.31,0.34,0.45,0.53,0.61,0.68,0.77,0.8,0.85,0.87,0.87,0.89,0.93,0.93,0.94,0.96,0.95
407,"snurre rundt","word","games_routines",0.05,0.09,0.1,0.17,0.17,0.2,0.29,0.34,0.4,0.46,0.57,0.59,0.67,0.67,0.74,0.73,0.79,0.83,0.86,0.86,0.86
408,"sovetid","word","games_routines",0.03,0.05,0.07,0.09,0.13,0.17,0.24,0.24,0.32,0.41,0.48,0.51,0.57,0.6,0.64,0.64,0.7,0.72,0.74,0.78,0.81
409,"sååå stor","word","games_routines",0.25,0.34,0.31,0.43,0.48,0.5,0.59,0.62,0.65,0.72,0.75,0.74,0.78,0.8,0.83,0.83,0.88,0.85,0.89,0.87,0.87
410,"takk","word","games_routines",0.69,0.7,0.78,0.81,0.86,0.89,0.91,0.92,0.94,0.96,0.96,0.97,0.98,0.97,0.98,0.98,0.99,0.99,0.99,0.98,0.97
411,"vær så snill","word","games_routines",0.02,0.01,0.03,0.04,0.07,0.11,0.16,0.2,0.29,0.39,0.48,0.53,0.62,0.62,0.74,0.75,0.82,0.82,0.85,0.89,0.88
412,"vent","word","games_routines",0.01,0.04,0.05,0.08,0.12,0.19,0.27,0.34,0.43,0.54,0.65,0.67,0.74,0.78,0.82,0.85,0.89,0.91,0.92,0.92,0.93
413,"vil","word","games_routines",0.04,0.09,0.09,0.14,0.25,0.3,0.38,0.51,0.6,0.68,0.76,0.8,0.85,0.86,0.9,0.9,0.92,0.95,0.96,0.96,0.95
414,"jobbe","word","action_words",0.02,0.04,0.06,0.13,0.17,0.21,0.32,0.43,0.48,0.57,0.69,0.72,0.77,0.81,0.85,0.87,0.91,0.92,0.93,0.93,0.94
415,"bite","word","action_words",0.03,0.05,0.07,0.14,0.25,0.27,0.35,0.45,0.53,0.61,0.69,0.74,0.8,0.8,0.87,0.88,0.91,0.93,0.92,0.94,0.93
416,"blåse","word","action_words",0.04,0.13,0.15,0.22,0.31,0.39,0.47,0.58,0.63,0.7,0.77,0.79,0.87,0.86,0.88,0.89,0.94,0.95,0.93,0.95,0.93
417,"bråke","word","action_words",0.01,0.02,0.02,0.07,0.12,0.15,0.21,0.29,0.37,0.45,0.55,0.62,0.68,0.72,0.78,0.8,0.86,0.87,0.9,0.9,0.9
418,"bygge","word","action_words",0.01,0.05,0.06,0.14,0.23,0.26,0.36,0.43,0.52,0.59,0.73,0.74,0.8,0.83,0.84,0.84,0.9,0.92,0.93,0.94,0.93
419,"bære","word","action_words",0.04,0.07,0.11,0.16,0.28,0.32,0.43,0.52,0.57,0.65,0.76,0.77,0.81,0.83,0.88,0.88,0.9,0.93,0.94,0.94,0.94
420,"danse","word","action_words",0.06,0.17,0.21,0.29,0.37,0.46,0.58,0.69,0.7,0.76,0.83,0.83,0.88,0.89,0.92,0.9,0.94,0.96,0.94,0.96,0.96
421,"dele","word","action_words",0.01,0.02,0.02,0.06,0.08,0.14,0.24,0.32,0.41,0.47,0.58,0.61,0.73,0.73,0.77,0.79,0.82,0.88,0.88,0.89,0.91
422,"drikke (action)","word","action_words",0.16,0.24,0.29,0.38,0.56,0.59,0.69,0.74,0.81,0.83,0.89,0.89,0.93,0.93,0.94,0.95,0.97,0.97,0.97,0.98,0.97
423,"dytte","word","action_words",0.01,0.03,0.06,0.11,0.15,0.21,0.32,0.41,0.47,0.57,0.67,0.69,0.78,0.79,0.82,0.87,0.88,0.91,0.91,0.93,0.94
424,"elske","word","action_words",0.01,0,0.01,0.02,0.04,0.04,0.07,0.09,0.13,0.18,0.24,0.26,0.31,0.37,0.43,0.43,0.54,0.51,0.63,0.65,0.65
425,"fange","word","action_words",0,0,0.01,0.04,0.06,0.07,0.11,0.13,0.21,0.28,0.39,0.45,0.54,0.59,0.64,0.66,0.75,0.77,0.82,0.82,0.86
426,"falle","word","action_words",0.05,0.07,0.1,0.12,0.18,0.27,0.38,0.42,0.49,0.58,0.67,0.66,0.71,0.75,0.77,0.81,0.83,0.85,0.83,0.87,0.86
427,"finne","word","action_words",0.02,0.03,0.02,0.08,0.16,0.21,0.33,0.42,0.51,0.56,0.7,0.73,0.8,0.81,0.85,0.87,0.91,0.92,0.93,0.93,0.93
428,"forte seg","word","action_words",0.01,0.02,0.01,0.04,0.06,0.09,0.15,0.17,0.26,0.38,0.47,0.5,0.6,0.62,0.7,0.7,0.77,0.82,0.84,0.85,0.85
429,"få","word","action_words",0.08,0.14,0.18,0.27,0.35,0.42,0.54,0.63,0.68,0.76,0.81,0.86,0.89,0.91,0.91,0.93,0.95,0.97,0.96,0.95,0.95
430,"gi","word","action_words",0.01,0.04,0.02,0.05,0.08,0.11,0.19,0.25,0.3,0.41,0.51,0.55,0.66,0.69,0.74,0.77,0.84,0.85,0.88,0.9,0.88
431,"gjemme","word","action_words",0.01,0.04,0.04,0.08,0.11,0.15,0.23,0.32,0.4,0.48,0.62,0.64,0.74,0.75,0.8,0.84,0.87,0.9,0.91,0.93,0.92
432,"gjøre seg ferdig","word","action_words",0,0.02,0.01,0.02,0.03,0.05,0.11,0.13,0.14,0.21,0.28,0.33,0.4,0.42,0.49,0.53,0.57,0.61,0.68,0.69,0.77
433,"gli","word","action_words",0,0.01,0.02,0.05,0.05,0.08,0.15,0.21,0.23,0.32,0.4,0.44,0.49,0.52,0.61,0.61,0.7,0.71,0.74,0.73,0.79
434,"gråte","word","action_words",0.02,0.02,0.06,0.12,0.19,0.25,0.33,0.44,0.51,0.62,0.71,0.73,0.81,0.81,0.87,0.86,0.91,0.93,0.91,0.95,0.93
435,"gå","word","action_words",0.11,0.15,0.18,0.3,0.41,0.45,0.57,0.65,0.72,0.79,0.83,0.85,0.9,0.91,0.92,0.94,0.96,0.97,0.96,0.97,0.96
436,"ha","word","action_words",0.05,0.11,0.1,0.19,0.27,0.34,0.42,0.5,0.58,0.67,0.74,0.77,0.84,0.86,0.87,0.88,0.91,0.95,0.95,0.94,0.94
437,"hate","word","action_words",0,0,0,0,0,0.01,0.01,0.01,0.02,0.03,0.04,0.06,0.07,0.1,0.13,0.15,0.24,0.17,0.27,0.29,0.29
438,"helle","word","action_words",0,0,0.01,0.04,0.05,0.08,0.14,0.17,0.26,0.33,0.39,0.47,0.52,0.54,0.62,0.6,0.68,0.68,0.7,0.73,0.76
439,"hente","word","action_words",0.03,0.06,0.07,0.14,0.2,0.27,0.38,0.49,0.58,0.62,0.75,0.76,0.82,0.84,0.87,0.9,0.93,0.93,0.93,0.95,0.94
440,"hjelpe","word","action_words",0.06,0.07,0.12,0.17,0.33,0.37,0.47,0.6,0.64,0.72,0.8,0.82,0.88,0.88,0.9,0.91,0.94,0.96,0.94,0.96,0.96
441,"holde","word","action_words",0.03,0.06,0.06,0.09,0.18,0.24,0.35,0.44,0.5,0.61,0.69,0.71,0.78,0.82,0.86,0.87,0.9,0.9,0.92,0.91,0.93
442,"holde øye med","word","action_words",0,0,0,0.01,0,0.01,0.01,0.01,0.02,0.04,0.06,0.09,0.12,0.14,0.17,0.17,0.22,0.23,0.26,0.27,0.32
443,"hoppe","word","action_words",0.12,0.15,0.23,0.36,0.48,0.51,0.62,0.69,0.75,0.81,0.84,0.89,0.89,0.9,0.93,0.94,0.96,0.96,0.96,0.97,0.96
444,"huske (action)","word","action_words",0.03,0.07,0.1,0.14,0.25,0.26,0.33,0.45,0.48,0.56,0.65,0.71,0.73,0.75,0.79,0.82,0.86,0.84,0.87,0.88,0.88
445,"høre","word","action_words",0.02,0.03,0.04,0.08,0.15,0.18,0.28,0.37,0.44,0.55,0.65,0.7,0.77,0.79,0.85,0.84,0.91,0.93,0.91,0.93,0.93
446,"høre etter","word","action_words",0.01,0,0.01,0.02,0.02,0.03,0.05,0.05,0.11,0.16,0.23,0.26,0.31,0.33,0.44,0.48,0.53,0.55,0.6,0.64,0.69
447,"følge etter","word","action_words",0.01,0.01,0,0.01,0.01,0.03,0.04,0.05,0.09,0.16,0.23,0.25,0.3,0.37,0.43,0.49,0.55,0.56,0.62,0.67,0.71
448,"kaste","word","action_words",0.06,0.1,0.13,0.21,0.31,0.35,0.47,0.55,0.62,0.67,0.75,0.81,0.83,0.86,0.88,0.9,0.91,0.94,0.93,0.95,0.93
449,"kile","word","action_words",0.02,0.05,0.05,0.08,0.16,0.19,0.3,0.34,0.41,0.49,0.57,0.64,0.7,0.74,0.76,0.79,0.85,0.86,0.87,0.88,0.89
450,"kjøpe","word","action_words",0,0.01,0.01,0.05,0.08,0.13,0.21,0.28,0.4,0.49,0.62,0.7,0.77,0.77,0.84,0.86,0.89,0.92,0.92,0.94,0.95
451,"kjøre","word","action_words",0.01,0.04,0.07,0.19,0.28,0.31,0.45,0.55,0.64,0.71,0.8,0.83,0.87,0.88,0.91,0.92,0.94,0.95,0.94,0.95,0.96
452,"klappe","word","action_words",0.08,0.13,0.2,0.26,0.37,0.38,0.46,0.57,0.62,0.69,0.74,0.8,0.83,0.84,0.88,0.89,0.92,0.93,0.93,0.93,0.94
453,"klatre","word","action_words",0.02,0.04,0.04,0.08,0.15,0.17,0.29,0.35,0.43,0.53,0.62,0.67,0.74,0.76,0.83,0.82,0.86,0.88,0.91,0.91,0.92
454,"klemme","word","action_words",0.03,0.04,0.06,0.08,0.16,0.19,0.3,0.39,0.44,0.51,0.62,0.64,0.72,0.72,0.79,0.8,0.85,0.89,0.9,0.92,0.91
455,"kle på","word","action_words",0.02,0.05,0.06,0.13,0.21,0.25,0.31,0.44,0.51,0.62,0.7,0.74,0.77,0.81,0.85,0.87,0.9,0.91,0.92,0.95,0.93
456,"koste","word","action_words",0.02,0.03,0.03,0.08,0.12,0.15,0.22,0.28,0.35,0.42,0.52,0.55,0.62,0.66,0.7,0.71,0.77,0.78,0.8,0.85,0.88
457,"kysse","word","action_words",0.02,0.06,0.1,0.14,0.23,0.23,0.31,0.4,0.43,0.52,0.57,0.63,0.69,0.7,0.76,0.78,0.83,0.81,0.87,0.87,0.87
458,"lage mat","word","action_words",0.02,0.02,0.02,0.06,0.12,0.19,0.26,0.37,0.43,0.56,0.64,0.7,0.76,0.78,0.84,0.85,0.87,0.9,0.9,0.91,0.92
459,"late som","word","action_words",0,0,0,0.01,0.01,0.01,0.03,0.05,0.07,0.11,0.17,0.24,0.28,0.33,0.37,0.4,0.49,0.51,0.55,0.62,0.64
460,"putte","word","action_words",0.01,0.03,0.04,0.07,0.12,0.13,0.21,0.27,0.35,0.41,0.53,0.53,0.63,0.62,0.72,0.69,0.77,0.81,0.8,0.82,0.82
461,"legge","word","action_words",0.02,0.05,0.06,0.13,0.18,0.27,0.36,0.48,0.54,0.63,0.74,0.76,0.82,0.81,0.85,0.88,0.91,0.93,0.93,0.92,0.95
462,"leke (action)","word","action_words",0.03,0.1,0.15,0.21,0.29,0.37,0.5,0.6,0.67,0.77,0.82,0.83,0.88,0.88,0.92,0.93,0.95,0.96,0.95,0.96,0.96
463,"lese","word","action_words",0.08,0.13,0.21,0.3,0.41,0.47,0.56,0.67,0.7,0.77,0.83,0.87,0.9,0.89,0.91,0.93,0.94,0.96,0.95,0.95,0.95
464,"like","word","action_words",0.01,0.01,0.01,0.03,0.05,0.09,0.14,0.23,0.31,0.42,0.55,0.59,0.69,0.72,0.77,0.8,0.83,0.88,0.91,0.91,0.92
465,"lukke","word","action_words",0.02,0.04,0.04,0.08,0.14,0.16,0.31,0.39,0.43,0.54,0.65,0.67,0.73,0.77,0.79,0.81,0.86,0.89,0.89,0.9,0.91
466,"løpe","word","action_words",0.02,0.05,0.07,0.15,0.19,0.27,0.39,0.52,0.55,0.65,0.76,0.77,0.82,0.84,0.86,0.87,0.91,0.92,0.92,0.93,0.91
467,"male","word","action_words",0.02,0.02,0.05,0.08,0.17,0.23,0.3,0.42,0.46,0.54,0.64,0.74,0.77,0.78,0.83,0.85,0.9,0.91,0.91,0.94,0.92
468,"mate","word","action_words",0.01,0.02,0.03,0.06,0.07,0.11,0.16,0.21,0.27,0.33,0.43,0.47,0.55,0.59,0.63,0.65,0.73,0.73,0.77,0.82,0.85
469,"miste","word","action_words",0.03,0.05,0.07,0.11,0.22,0.23,0.35,0.43,0.48,0.55,0.66,0.7,0.76,0.79,0.82,0.84,0.89,0.9,0.9,0.93,0.92
470,"reparere","word","action_words",0,0,0.01,0.03,0.04,0.08,0.11,0.17,0.27,0.35,0.43,0.47,0.57,0.61,0.66,0.7,0.77,0.79,0.8,0.82,0.87
471,"passe","word","action_words",0.01,0.04,0.04,0.07,0.09,0.14,0.23,0.33,0.39,0.45,0.56,0.57,0.66,0.71,0.74,0.76,0.82,0.85,0.87,0.88,0.89
472,"plaske","word","action_words",0.02,0.05,0.04,0.09,0.16,0.15,0.28,0.32,0.38,0.44,0.56,0.62,0.65,0.67,0.74,0.75,0.81,0.83,0.83,0.87,0.85
473,"prøve","word","action_words",0,0.01,0.01,0.03,0.04,0.09,0.14,0.23,0.29,0.4,0.5,0.53,0.63,0.68,0.72,0.76,0.81,0.83,0.85,0.87,0.9
474,"puste","word","action_words",0,0,0.01,0.01,0.02,0.03,0.08,0.08,0.12,0.2,0.28,0.29,0.39,0.42,0.5,0.53,0.65,0.64,0.69,0.72,0.77
475,"ri","word","action_words",0.01,0.02,0.04,0.04,0.07,0.07,0.14,0.16,0.24,0.27,0.36,0.4,0.44,0.46,0.53,0.56,0.64,0.63,0.72,0.74,0.75
476,"riste","word","action_words",0.01,0.02,0.01,0.04,0.06,0.09,0.12,0.17,0.24,0.31,0.4,0.43,0.49,0.56,0.6,0.62,0.72,0.73,0.76,0.78,0.79
477,"rive av","word","action_words",0,0.01,0.01,0.01,0.02,0.03,0.05,0.09,0.13,0.2,0.29,0.28,0.37,0.41,0.51,0.53,0.56,0.63,0.66,0.67,0.72
478,"rydde","word","action_words",0.01,0.05,0.07,0.14,0.24,0.26,0.39,0.48,0.52,0.65,0.7,0.75,0.82,0.85,0.86,0.88,0.91,0.94,0.94,0.96,0.94
479,"røre","word","action_words",0.01,0.02,0.02,0.08,0.11,0.13,0.22,0.27,0.35,0.44,0.54,0.59,0.67,0.72,0.74,0.78,0.85,0.84,0.87,0.88,0.88
480,"se","word","action_words",0.45,0.49,0.58,0.59,0.69,0.69,0.77,0.79,0.85,0.87,0.9,0.91,0.93,0.93,0.94,0.95,0.96,0.97,0.96,0.98,0.96
481,"se på","word","action_words",0.07,0.06,0.08,0.08,0.16,0.22,0.29,0.39,0.44,0.56,0.66,0.68,0.74,0.8,0.83,0.86,0.87,0.89,0.92,0.93,0.92
482,"sette","word","action_words",0.02,0.03,0.02,0.07,0.13,0.12,0.24,0.29,0.35,0.45,0.52,0.57,0.63,0.68,0.74,0.75,0.79,0.82,0.84,0.87,0.89
483,"si","word","action_words",0.04,0.03,0.03,0.07,0.11,0.15,0.21,0.27,0.37,0.46,0.56,0.6,0.68,0.71,0.76,0.81,0.84,0.89,0.9,0.91,0.92
484,"sitte","word","action_words",0.12,0.25,0.32,0.38,0.51,0.54,0.62,0.73,0.71,0.77,0.84,0.85,0.89,0.89,0.92,0.92,0.95,0.95,0.94,0.96,0.96
485,"skjære","word","action_words",0,0.01,0.01,0.04,0.09,0.13,0.23,0.29,0.33,0.4,0.53,0.61,0.68,0.69,0.75,0.78,0.82,0.83,0.85,0.89,0.88
486,"skli","word","action_words",0.04,0.06,0.07,0.16,0.21,0.28,0.34,0.45,0.5,0.57,0.65,0.69,0.72,0.74,0.78,0.84,0.84,0.87,0.86,0.9,0.89
487,"skrive","word","action_words",0,0,0.01,0.04,0.07,0.07,0.15,0.17,0.25,0.34,0.45,0.5,0.58,0.59,0.66,0.7,0.75,0.79,0.79,0.85,0.86
488,"skynde seg","word","action_words",0,0,0.01,0.02,0.02,0.05,0.08,0.1,0.18,0.27,0.35,0.39,0.47,0.52,0.61,0.62,0.68,0.68,0.73,0.77,0.84
489,"slikke","word","action_words",0,0,0.01,0.02,0.05,0.05,0.11,0.16,0.24,0.28,0.4,0.46,0.5,0.53,0.63,0.66,0.7,0.71,0.78,0.81,0.82
490,"slutte","word","action_words",0.01,0.02,0.01,0.05,0.09,0.13,0.2,0.24,0.36,0.47,0.58,0.6,0.67,0.67,0.77,0.77,0.84,0.87,0.89,0.91,0.91
491,"slå","word","action_words",0.02,0.04,0.04,0.1,0.18,0.22,0.31,0.39,0.5,0.59,0.71,0.75,0.81,0.82,0.87,0.9,0.92,0.93,0.94,0.95,0.93
492,"smake","word","action_words",0.05,0.09,0.07,0.15,0.25,0.29,0.39,0.48,0.55,0.63,0.74,0.78,0.8,0.84,0.87,0.86,0.93,0.92,0.91,0.93,0.94
493,"smile","word","action_words",0.01,0.02,0.03,0.07,0.1,0.15,0.2,0.28,0.35,0.45,0.54,0.57,0.69,0.69,0.78,0.77,0.85,0.86,0.88,0.89,0.89
494,"snakke","word","action_words",0.01,0.01,0.03,0.05,0.1,0.16,0.23,0.32,0.39,0.51,0.62,0.65,0.74,0.77,0.82,0.85,0.89,0.9,0.91,0.94,0.94
495,"sove","word","action_words",0.08,0.16,0.23,0.3,0.43,0.5,0.62,0.71,0.78,0.82,0.86,0.89,0.92,0.92,0.94,0.95,0.96,0.97,0.97,0.98,0.95
496,"sparke","word","action_words",0.01,0.02,0.02,0.09,0.1,0.15,0.22,0.33,0.41,0.51,0.59,0.64,0.72,0.77,0.8,0.82,0.87,0.89,0.9,0.89,0.93
497,"spille","word","action_words",0.02,0.02,0.04,0.07,0.12,0.15,0.21,0.31,0.37,0.48,0.6,0.6,0.7,0.73,0.78,0.82,0.84,0.87,0.89,0.91,0.93
498,"spise","word","action_words",0.09,0.17,0.22,0.27,0.44,0.47,0.62,0.7,0.73,0.8,0.85,0.85,0.9,0.9,0.93,0.93,0.95,0.97,0.95,0.97,0.97
499,"stikke","word","action_words",0,0,0.01,0.01,0.03,0.03,0.05,0.11,0.15,0.23,0.3,0.33,0.42,0.45,0.52,0.55,0.63,0.66,0.72,0.78,0.79
500,"stoppe","word","action_words",0.01,0.01,0.03,0.04,0.09,0.12,0.17,0.24,0.36,0.43,0.54,0.57,0.67,0.71,0.78,0.79,0.83,0.88,0.9,0.91,0.91
501,"stå","word","action_words",0.03,0.06,0.07,0.12,0.2,0.26,0.36,0.43,0.5,0.57,0.67,0.69,0.77,0.81,0.82,0.86,0.89,0.91,0.91,0.93,0.93
502,"synge","word","action_words",0.02,0.06,0.09,0.16,0.31,0.34,0.47,0.54,0.61,0.68,0.76,0.79,0.84,0.85,0.91,0.89,0.93,0.94,0.95,0.95,0.95
503,"svømme","word","action_words",0,0.01,0.02,0.04,0.08,0.12,0.17,0.23,0.27,0.37,0.45,0.51,0.61,0.62,0.7,0.73,0.78,0.81,0.82,0.84,0.86
504,"søle","word","action_words",0,0.02,0.05,0.09,0.17,0.2,0.32,0.39,0.43,0.53,0.63,0.64,0.74,0.76,0.79,0.83,0.87,0.87,0.89,0.9,0.9
505,"ta","word","action_words",0.02,0.07,0.06,0.1,0.18,0.23,0.31,0.4,0.49,0.56,0.69,0.72,0.79,0.81,0.85,0.86,0.89,0.92,0.93,0.93,0.93
506,"tegne","word","action_words",0.06,0.1,0.2,0.31,0.36,0.42,0.59,0.66,0.7,0.77,0.79,0.83,0.88,0.91,0.9,0.93,0.95,0.96,0.94,0.96,0.96
507,"tenke","word","action_words",0.01,0,0.01,0.02,0.03,0.02,0.05,0.06,0.1,0.17,0.22,0.3,0.37,0.4,0.51,0.52,0.63,0.63,0.68,0.74,0.78
508,"treffe","word","action_words",0,0,0,0.01,0.02,0.01,0.05,0.06,0.1,0.15,0.22,0.25,0.34,0.36,0.45,0.47,0.54,0.59,0.62,0.66,0.71
509,"dra","word","action_words",0,0.02,0.02,0.04,0.05,0.08,0.16,0.21,0.3,0.36,0.51,0.56,0.64,0.68,0.72,0.73,0.79,0.84,0.87,0.87,0.86
510,"tørke","word","action_words",0.02,0.07,0.06,0.12,0.23,0.22,0.37,0.47,0.54,0.59,0.69,0.72,0.79,0.79,0.85,0.84,0.89,0.91,0.91,0.94,0.93
511,"vaske","word","action_words",0.04,0.09,0.14,0.25,0.34,0.42,0.53,0.62,0.65,0.74,0.81,0.84,0.88,0.88,0.91,0.93,0.94,0.94,0.95,0.96,0.96
512,"vente","word","action_words",0.01,0.02,0.02,0.06,0.08,0.12,0.24,0.31,0.37,0.47,0.59,0.61,0.73,0.76,0.8,0.8,0.86,0.88,0.9,0.91,0.93
513,"slå seg","word","action_words",0.01,0.02,0.02,0.08,0.1,0.15,0.23,0.31,0.4,0.49,0.62,0.66,0.75,0.79,0.81,0.86,0.89,0.9,0.9,0.94,0.93
514,"vise","word","action_words",0,0.02,0.01,0.04,0.07,0.09,0.17,0.24,0.28,0.39,0.49,0.55,0.62,0.65,0.72,0.75,0.81,0.84,0.85,0.88,0.88
515,"velte","word","action_words",0,0,0.01,0.03,0.03,0.05,0.09,0.11,0.15,0.23,0.31,0.35,0.42,0.43,0.55,0.56,0.63,0.68,0.64,0.71,0.76
516,"være glad i","word","action_words",0.01,0.02,0.02,0.06,0.05,0.08,0.13,0.15,0.22,0.29,0.38,0.46,0.51,0.56,0.62,0.64,0.74,0.73,0.78,0.81,0.86
517,"våkne","word","action_words",0,0.02,0.01,0.03,0.08,0.12,0.2,0.28,0.37,0.46,0.57,0.64,0.69,0.75,0.78,0.8,0.84,0.89,0.89,0.92,0.9
518,"ødelegge","word","action_words",0.01,0.03,0.03,0.04,0.08,0.15,0.23,0.33,0.41,0.5,0.6,0.67,0.7,0.75,0.81,0.83,0.86,0.91,0.89,0.92,0.91
519,"ønske","word","action_words",0,0,0,0.01,0.01,0.01,0.03,0.04,0.09,0.13,0.22,0.26,0.32,0.37,0.49,0.53,0.62,0.63,0.7,0.76,0.81
520,"åpne","word","action_words",0.05,0.12,0.16,0.22,0.32,0.36,0.49,0.58,0.64,0.69,0.76,0.78,0.85,0.87,0.89,0.9,0.92,0.93,0.93,0.94,0.96
521,"bedre","word","descriptive_words",0,0,0,0.01,0.04,0.05,0.08,0.11,0.16,0.26,0.32,0.37,0.45,0.52,0.59,0.6,0.69,0.7,0.73,0.76,0.79
522,"blå","word","descriptive_words",0.04,0.04,0.06,0.11,0.19,0.23,0.32,0.39,0.5,0.59,0.68,0.74,0.8,0.8,0.85,0.88,0.91,0.92,0.95,0.95,0.92
523,"bløt","word","descriptive_words",0,0.02,0.01,0.02,0.07,0.07,0.09,0.12,0.19,0.23,0.3,0.32,0.37,0.4,0.47,0.49,0.55,0.57,0.62,0.62,0.57
524,"borte","word","descriptive_words",0.22,0.24,0.36,0.44,0.57,0.59,0.66,0.72,0.78,0.82,0.83,0.87,0.89,0.9,0.91,0.93,0.93,0.95,0.95,0.97,0.95
525,"bra","word","descriptive_words",0.01,0.05,0.05,0.11,0.14,0.19,0.27,0.36,0.41,0.48,0.61,0.63,0.71,0.74,0.79,0.81,0.85,0.88,0.89,0.91,0.91
526,"bråkete","word","descriptive_words",0,0.01,0.01,0.04,0.07,0.08,0.13,0.17,0.26,0.33,0.4,0.49,0.54,0.57,0.66,0.7,0.75,0.8,0.8,0.85,0.83
527,"brun","word","descriptive_words",0.01,0.01,0.01,0.03,0.04,0.06,0.11,0.14,0.22,0.3,0.38,0.45,0.5,0.52,0.59,0.61,0.71,0.72,0.77,0.81,0.8
528,"dårlig","word","descriptive_words",0,0,0,0.02,0.01,0.02,0.07,0.1,0.14,0.19,0.27,0.3,0.42,0.4,0.52,0.52,0.61,0.67,0.68,0.72,0.79
529,"ekkelt","word","descriptive_words",0.02,0.03,0.05,0.06,0.13,0.13,0.2,0.25,0.32,0.4,0.46,0.47,0.53,0.54,0.62,0.65,0.71,0.71,0.72,0.83,0.73
530,"fin","word","descriptive_words",0.04,0.08,0.11,0.19,0.29,0.34,0.45,0.5,0.64,0.67,0.72,0.78,0.82,0.83,0.89,0.86,0.95,0.92,0.94,0.96,0.94
531,"forsiktig","word","descriptive_words",0.02,0.04,0.04,0.08,0.13,0.16,0.25,0.29,0.39,0.47,0.52,0.58,0.66,0.67,0.74,0.77,0.81,0.83,0.88,0.9,0.9
532,"først","word","descriptive_words",0,0.01,0.02,0.03,0.08,0.11,0.15,0.25,0.32,0.42,0.54,0.59,0.69,0.71,0.78,0.8,0.83,0.88,0.89,0.93,0.89
533,"fort","word","descriptive_words",0.01,0.02,0.05,0.08,0.18,0.2,0.29,0.37,0.44,0.53,0.64,0.64,0.72,0.78,0.8,0.82,0.87,0.91,0.9,0.93,0.93
534,"frekk","word","descriptive_words",0,0,0,0,0.01,0.01,0.01,0.01,0.02,0.04,0.06,0.07,0.07,0.1,0.13,0.12,0.17,0.19,0.24,0.28,0.29
535,"full","word","descriptive_words",0.01,0,0.01,0.02,0.05,0.05,0.12,0.18,0.22,0.31,0.42,0.44,0.53,0.54,0.59,0.62,0.69,0.71,0.72,0.77,0.73
536,"gammel","word","descriptive_words",0,0.01,0.01,0.04,0.06,0.06,0.11,0.17,0.22,0.33,0.43,0.47,0.57,0.57,0.64,0.69,0.78,0.79,0.81,0.86,0.84
537,"glad","word","descriptive_words",0.01,0.02,0.03,0.08,0.09,0.13,0.2,0.25,0.35,0.43,0.53,0.59,0.65,0.68,0.76,0.78,0.86,0.83,0.89,0.91,0.9
538,"god","word","descriptive_words",0.07,0.07,0.09,0.12,0.17,0.22,0.28,0.34,0.45,0.5,0.57,0.61,0.67,0.71,0.75,0.79,0.82,0.83,0.89,0.88,0.89
539,"grønn","word","descriptive_words",0.01,0.02,0.02,0.08,0.12,0.16,0.23,0.32,0.41,0.5,0.58,0.69,0.72,0.73,0.79,0.82,0.87,0.89,0.91,0.93,0.89
540,"gul","word","descriptive_words",0.03,0.04,0.04,0.1,0.14,0.2,0.27,0.33,0.46,0.53,0.6,0.69,0.73,0.74,0.79,0.85,0.88,0.9,0.92,0.93,0.9
541,"hard","word","descriptive_words",0,0,0.01,0.04,0.05,0.06,0.12,0.17,0.23,0.32,0.43,0.43,0.53,0.55,0.66,0.67,0.74,0.75,0.81,0.83,0.85
542,"høy","word","descriptive_words",0,0,0.01,0.02,0.04,0.05,0.09,0.14,0.18,0.25,0.35,0.38,0.46,0.49,0.56,0.59,0.71,0.7,0.76,0.79,0.8
543,"hvit","word","descriptive_words",0,0.01,0.01,0.03,0.03,0.06,0.12,0.19,0.25,0.33,0.43,0.51,0.58,0.6,0.64,0.7,0.75,0.78,0.81,0.84,0.88
544,"kald","word","descriptive_words",0.03,0.11,0.13,0.18,0.3,0.38,0.45,0.58,0.64,0.7,0.75,0.83,0.84,0.87,0.87,0.91,0.91,0.94,0.95,0.95,0.93
545,"klissete","word","descriptive_words",0,0.01,0.04,0.06,0.08,0.07,0.13,0.18,0.23,0.32,0.39,0.45,0.51,0.54,0.59,0.66,0.7,0.7,0.78,0.78,0.77
546,"lang","word","descriptive_words",0,0.01,0,0.03,0.03,0.05,0.1,0.14,0.18,0.28,0.37,0.44,0.53,0.54,0.62,0.66,0.69,0.79,0.82,0.86,0.88
547,"lei seg","word","descriptive_words",0,0.03,0.03,0.09,0.15,0.18,0.26,0.35,0.45,0.53,0.64,0.71,0.76,0.78,0.83,0.85,0.9,0.91,0.93,0.94,0.93
548,"liten","word","descriptive_words",0.01,0.02,0.05,0.1,0.13,0.2,0.29,0.41,0.46,0.55,0.68,0.72,0.79,0.8,0.85,0.89,0.9,0.93,0.94,0.96,0.92
549,"mørkt","word","descriptive_words",0.01,0.06,0.07,0.09,0.16,0.24,0.3,0.38,0.46,0.54,0.6,0.67,0.72,0.74,0.79,0.84,0.86,0.89,0.88,0.93,0.88
550,"ny","word","descriptive_words",0.01,0.03,0.02,0.09,0.1,0.15,0.23,0.3,0.4,0.47,0.57,0.64,0.71,0.72,0.78,0.81,0.84,0.89,0.92,0.93,0.91
551,"ødelagt","word","descriptive_words",0.01,0.04,0.06,0.1,0.19,0.27,0.37,0.45,0.56,0.66,0.73,0.8,0.83,0.84,0.88,0.91,0.92,0.94,0.93,0.95,0.94
552,"oransje","word","descriptive_words",0.01,0,0.01,0.04,0.03,0.06,0.11,0.13,0.21,0.28,0.36,0.44,0.48,0.51,0.55,0.62,0.7,0.7,0.73,0.82,0.78
553,"pen","word","descriptive_words",0.01,0.01,0.03,0.03,0.04,0.06,0.09,0.11,0.15,0.21,0.28,0.33,0.37,0.43,0.49,0.46,0.6,0.55,0.61,0.66,0.69
554,"rar","word","descriptive_words",0,0,0.01,0.03,0.02,0.05,0.08,0.13,0.15,0.24,0.29,0.36,0.41,0.46,0.55,0.53,0.65,0.62,0.71,0.77,0.76
555,"redd","word","descriptive_words",0.01,0.01,0.01,0.04,0.05,0.08,0.14,0.23,0.32,0.4,0.49,0.55,0.64,0.68,0.75,0.79,0.84,0.84,0.87,0.9,0.9
556,"ren","word","descriptive_words",0,0.01,0.01,0.03,0.07,0.08,0.13,0.22,0.29,0.35,0.46,0.56,0.59,0.63,0.71,0.75,0.77,0.8,0.83,0.88,0.85
557,"rød","word","descriptive_words",0.03,0.03,0.04,0.09,0.12,0.17,0.27,0.33,0.43,0.51,0.61,0.7,0.74,0.75,0.79,0.83,0.86,0.89,0.93,0.94,0.91
558,"sen","word","descriptive_words",0,0,0.01,0.01,0.01,0.01,0.03,0.04,0.06,0.11,0.18,0.2,0.24,0.29,0.36,0.36,0.51,0.49,0.54,0.6,0.63
559,"sint","word","descriptive_words",0.01,0.02,0.02,0.08,0.11,0.16,0.22,0.31,0.4,0.49,0.58,0.65,0.71,0.73,0.79,0.83,0.88,0.89,0.9,0.95,0.93
560,"sist","word","descriptive_words",0,0,0.01,0.01,0.02,0.02,0.04,0.06,0.08,0.16,0.25,0.25,0.33,0.36,0.48,0.46,0.57,0.62,0.65,0.74,0.72
561,"sitter fast","word","descriptive_words",0.02,0.04,0.05,0.14,0.2,0.21,0.36,0.42,0.52,0.62,0.65,0.75,0.75,0.78,0.83,0.86,0.87,0.9,0.89,0.91,0.91
562,"skitten","word","descriptive_words",0,0.05,0.06,0.08,0.14,0.18,0.32,0.39,0.45,0.56,0.65,0.7,0.75,0.75,0.79,0.82,0.87,0.88,0.85,0.9,0.9
563,"skjønn","word","descriptive_words",0,0,0,0.01,0.01,0.01,0.02,0.02,0.04,0.07,0.08,0.11,0.12,0.12,0.16,0.17,0.23,0.25,0.29,0.34,0.33
564,"slem","word","descriptive_words",0,0.01,0.01,0.02,0.04,0.04,0.08,0.12,0.21,0.28,0.35,0.41,0.53,0.54,0.64,0.65,0.72,0.73,0.8,0.83,0.84
565,"snill","word","descriptive_words",0.01,0.04,0.05,0.11,0.16,0.2,0.26,0.36,0.45,0.55,0.64,0.65,0.74,0.77,0.83,0.85,0.9,0.9,0.92,0.95,0.92
566,"søt","word","descriptive_words",0.01,0.02,0.01,0.03,0.04,0.08,0.11,0.15,0.23,0.25,0.36,0.39,0.47,0.51,0.58,0.56,0.68,0.67,0.72,0.74,0.79
567,"søvnig","word","descriptive_words",0,0,0.01,0.01,0.02,0.02,0.05,0.04,0.05,0.1,0.11,0.15,0.18,0.19,0.23,0.24,0.26,0.3,0.36,0.37,0.36
568,"stakkars","word","descriptive_words",0.02,0.03,0.03,0.05,0.12,0.1,0.16,0.22,0.29,0.37,0.44,0.49,0.56,0.59,0.64,0.7,0.72,0.73,0.78,0.79,0.82
569,"stille","word","descriptive_words",0.01,0.02,0.01,0.04,0.08,0.1,0.16,0.22,0.27,0.39,0.48,0.55,0.62,0.65,0.7,0.75,0.83,0.83,0.85,0.87,0.89
570,"stor","word","descriptive_words",0.06,0.11,0.12,0.18,0.27,0.36,0.43,0.53,0.63,0.67,0.76,0.79,0.84,0.85,0.88,0.91,0.91,0.94,0.94,0.97,0.95
571,"sulten","word","descriptive_words",0.01,0.03,0.06,0.12,0.17,0.23,0.31,0.39,0.45,0.59,0.67,0.72,0.78,0.8,0.86,0.87,0.91,0.93,0.93,0.94,0.93
572,"sur","word","descriptive_words",0,0.01,0.02,0.01,0.03,0.03,0.07,0.09,0.12,0.2,0.27,0.32,0.38,0.41,0.51,0.52,0.59,0.63,0.71,0.73,0.78
573,"svart","word","descriptive_words",0,0.01,0.01,0.03,0.03,0.08,0.13,0.18,0.24,0.31,0.42,0.49,0.54,0.59,0.62,0.72,0.74,0.78,0.82,0.85,0.84
574,"syk","word","descriptive_words",0,0.01,0.03,0.03,0.07,0.12,0.2,0.29,0.35,0.45,0.57,0.61,0.69,0.75,0.78,0.82,0.86,0.88,0.89,0.93,0.93
575,"tom","word","descriptive_words",0.09,0.18,0.17,0.25,0.31,0.36,0.41,0.54,0.56,0.63,0.69,0.73,0.76,0.81,0.81,0.87,0.87,0.89,0.88,0.93,0.91
576,"tørr","word","descriptive_words",0,0,0.01,0.03,0.05,0.05,0.11,0.17,0.2,0.31,0.41,0.46,0.54,0.57,0.64,0.65,0.72,0.75,0.79,0.84,0.85
577,"tørst","word","descriptive_words",0.09,0.2,0.19,0.3,0.42,0.41,0.5,0.58,0.66,0.73,0.77,0.81,0.86,0.87,0.88,0.89,0.93,0.94,0.93,0.95,0.95
578,"trøtt","word","descriptive_words",0.03,0.04,0.07,0.14,0.17,0.24,0.34,0.4,0.49,0.59,0.68,0.71,0.78,0.81,0.84,0.86,0.91,0.91,0.92,0.94,0.94
579,"tung","word","descriptive_words",0,0.02,0.03,0.07,0.11,0.15,0.23,0.29,0.38,0.46,0.54,0.61,0.68,0.71,0.74,0.78,0.82,0.84,0.89,0.89,0.88
580,"våken","word","descriptive_words",0.01,0.02,0.01,0.05,0.1,0.15,0.24,0.32,0.41,0.52,0.59,0.66,0.74,0.79,0.82,0.83,0.85,0.88,0.92,0.93,0.92
581,"varm","word","descriptive_words",0.05,0.09,0.13,0.19,0.3,0.36,0.46,0.55,0.59,0.66,0.74,0.8,0.8,0.85,0.85,0.89,0.9,0.94,0.93,0.96,0.93
582,"våt","word","descriptive_words",0.01,0.08,0.12,0.16,0.27,0.34,0.44,0.56,0.6,0.7,0.76,0.81,0.83,0.86,0.87,0.89,0.93,0.94,0.93,0.96,0.91
583,"vondt","word","descriptive_words",0.02,0.09,0.12,0.19,0.28,0.33,0.45,0.5,0.55,0.67,0.73,0.78,0.82,0.84,0.87,0.87,0.94,0.91,0.94,0.94,0.92
584,"dag","word","time_words",0.01,0.01,0.04,0.08,0.09,0.11,0.18,0.23,0.34,0.4,0.54,0.56,0.67,0.68,0.75,0.77,0.85,0.85,0.87,0.9,0.93
585,"etter","word","time_words",0,0,0,0.02,0.03,0.03,0.06,0.09,0.15,0.2,0.27,0.3,0.41,0.41,0.5,0.53,0.59,0.64,0.67,0.74,0.72
586,"ettermiddag","word","time_words",0,0,0,0,0,0,0.01,0.02,0.03,0.05,0.08,0.1,0.12,0.13,0.18,0.2,0.25,0.25,0.27,0.26,0.3
587,"etterpå","word","time_words",0.01,0.03,0.03,0.04,0.11,0.17,0.25,0.34,0.42,0.54,0.61,0.69,0.78,0.76,0.82,0.84,0.89,0.9,0.89,0.92,0.94
588,"før","word","time_words",0,0,0.01,0.01,0.01,0.03,0.05,0.07,0.1,0.19,0.26,0.3,0.39,0.39,0.52,0.52,0.62,0.64,0.68,0.75,0.77
589,"formiddag","word","time_words",0,0,0,0,0,0,0.01,0.01,0.01,0.03,0.04,0.05,0.08,0.08,0.11,0.13,0.18,0.16,0.2,0.15,0.21
590,"i dag","word","time_words",0.01,0.01,0.01,0.02,0.02,0.04,0.1,0.14,0.18,0.32,0.41,0.47,0.57,0.57,0.69,0.72,0.78,0.82,0.83,0.88,0.92
591,"i går","word","time_words",0,0,0,0.01,0.01,0.02,0.03,0.05,0.09,0.13,0.2,0.26,0.35,0.36,0.48,0.51,0.6,0.64,0.7,0.76,0.76
592,"i kveld","word","time_words",0,0,0.01,0,0.02,0.02,0.03,0.05,0.07,0.12,0.2,0.21,0.27,0.3,0.4,0.43,0.51,0.53,0.6,0.6,0.66
593,"i morgen","word","time_words",0,0.01,0.01,0.02,0.04,0.06,0.08,0.14,0.22,0.32,0.4,0.47,0.54,0.55,0.66,0.71,0.77,0.77,0.81,0.82,0.86
594,"kveld","word","time_words",0,0,0.01,0.03,0.04,0.07,0.11,0.13,0.2,0.27,0.36,0.38,0.48,0.51,0.57,0.64,0.71,0.73,0.79,0.8,0.85
595,"morgen","word","time_words",0,0.01,0.02,0.03,0.03,0.06,0.11,0.15,0.2,0.27,0.37,0.39,0.48,0.49,0.58,0.66,0.71,0.74,0.76,0.82,0.81
596,"nå","word","time_words",0.02,0.05,0.04,0.07,0.16,0.19,0.24,0.3,0.41,0.51,0.56,0.62,0.68,0.71,0.77,0.78,0.86,0.87,0.9,0.91,0.91
597,"natt","word","time_words",0.06,0.09,0.12,0.16,0.26,0.27,0.38,0.42,0.51,0.58,0.66,0.7,0.76,0.79,0.81,0.85,0.9,0.9,0.92,0.93,0.95
598,"senere","word","time_words",0,0.01,0,0.01,0.02,0.03,0.07,0.09,0.15,0.22,0.31,0.34,0.42,0.44,0.55,0.53,0.64,0.67,0.72,0.73,0.74
599,"tid","word","time_words",0,0,0,0,0.01,0,0.03,0.03,0.04,0.06,0.09,0.13,0.15,0.19,0.23,0.25,0.34,0.35,0.4,0.45,0.49
600,"de","word","pronouns",0.01,0.01,0.03,0.03,0.04,0.05,0.05,0.08,0.13,0.18,0.26,0.29,0.35,0.4,0.47,0.49,0.55,0.59,0.61,0.67,0.69
601,"deg","word","pronouns",0.01,0.02,0.03,0.08,0.07,0.12,0.18,0.23,0.29,0.39,0.44,0.49,0.55,0.61,0.66,0.67,0.74,0.77,0.8,0.83,0.83
602,"deg selv","word","pronouns",0,0,0,0,0.01,0.01,0.01,0.02,0.03,0.07,0.08,0.12,0.15,0.18,0.21,0.24,0.29,0.32,0.35,0.41,0.4
603,"dem","word","pronouns",0,0,0.01,0.02,0.02,0.01,0.03,0.04,0.07,0.09,0.15,0.19,0.24,0.27,0.32,0.34,0.41,0.43,0.45,0.46,0.51
604,"den","word","pronouns",0.19,0.29,0.31,0.38,0.44,0.45,0.55,0.59,0.66,0.71,0.75,0.76,0.79,0.79,0.8,0.83,0.88,0.87,0.89,0.93,0.93
605,"denne","word","pronouns",0.09,0.12,0.1,0.19,0.25,0.28,0.35,0.39,0.47,0.56,0.6,0.62,0.66,0.71,0.69,0.73,0.79,0.83,0.83,0.86,0.8
606,"dere","word","pronouns",0,0,0,0.01,0.01,0.01,0.02,0.05,0.07,0.15,0.21,0.28,0.33,0.37,0.46,0.5,0.6,0.67,0.7,0.7,0.78
607,"deres","word","pronouns",0,0,0,0,0,0,0.01,0.03,0.02,0.05,0.08,0.12,0.16,0.2,0.23,0.3,0.36,0.42,0.49,0.5,0.51
608,"det","word","pronouns",0.06,0.11,0.16,0.14,0.24,0.21,0.3,0.34,0.42,0.5,0.56,0.57,0.66,0.68,0.74,0.79,0.82,0.88,0.85,0.91,0.9
609,"dette","word","pronouns",0.02,0.02,0.01,0.03,0.05,0.08,0.09,0.14,0.17,0.26,0.32,0.35,0.4,0.43,0.5,0.55,0.6,0.67,0.69,0.74,0.72
610,"din","word","pronouns",0.04,0.05,0.07,0.16,0.19,0.24,0.34,0.37,0.49,0.59,0.66,0.69,0.76,0.79,0.8,0.86,0.89,0.9,0.92,0.92,0.93
611,"disse","word","pronouns",0.01,0.01,0.01,0.02,0.02,0.02,0.04,0.1,0.1,0.13,0.21,0.21,0.29,0.31,0.38,0.43,0.49,0.58,0.56,0.59,0.66
612,"du","word","pronouns",0.05,0.07,0.07,0.12,0.16,0.17,0.24,0.28,0.39,0.49,0.56,0.61,0.72,0.75,0.82,0.86,0.9,0.94,0.92,0.94,0.94
613,"ham","word","pronouns",0,0,0.01,0,0.01,0,0.01,0.01,0.02,0.03,0.04,0.08,0.05,0.09,0.09,0.1,0.15,0.14,0.16,0.18,0.19
614,"han","word","pronouns",0.02,0.02,0.03,0.04,0.07,0.09,0.12,0.17,0.29,0.39,0.46,0.53,0.64,0.65,0.72,0.75,0.84,0.88,0.87,0.91,0.92
615,"hans","word","pronouns",0,0.01,0.01,0.01,0.02,0.02,0.03,0.05,0.07,0.15,0.19,0.26,0.27,0.33,0.4,0.42,0.54,0.56,0.59,0.65,0.68
616,"henne","word","pronouns",0,0,0.02,0.01,0.02,0.01,0.03,0.03,0.06,0.12,0.13,0.2,0.23,0.24,0.32,0.32,0.39,0.42,0.46,0.54,0.54
617,"hennes","word","pronouns",0,0,0.01,0.01,0.02,0.01,0.02,0.04,0.06,0.12,0.15,0.2,0.24,0.26,0.36,0.37,0.43,0.48,0.52,0.6,0.59
618,"hun","word","pronouns",0,0,0.01,0.03,0.02,0.03,0.07,0.12,0.16,0.26,0.33,0.37,0.47,0.49,0.57,0.63,0.7,0.73,0.75,0.78,0.84
619,"hverandre","word","pronouns",0,0,0,0,0,0,0.01,0.02,0.02,0.06,0.08,0.12,0.14,0.18,0.22,0.23,0.35,0.35,0.41,0.47,0.51
620,"jeg","word","pronouns",0.03,0.07,0.09,0.16,0.23,0.28,0.37,0.46,0.58,0.66,0.72,0.76,0.84,0.83,0.86,0.91,0.91,0.95,0.94,0.95,0.95
621,"man","word","pronouns",0.01,0,0.01,0.01,0.01,0.02,0.03,0.02,0.04,0.06,0.06,0.09,0.1,0.12,0.16,0.16,0.2,0.23,0.26,0.29,0.32
622,"meg","word","pronouns",0.05,0.06,0.07,0.15,0.19,0.24,0.29,0.36,0.44,0.53,0.58,0.64,0.72,0.71,0.78,0.81,0.81,0.87,0.84,0.9,0.89
623,"meg selv","word","pronouns",0,0,0.01,0.01,0.01,0.03,0.05,0.07,0.07,0.12,0.18,0.18,0.26,0.27,0.32,0.32,0.38,0.43,0.47,0.51,0.54
624,"min","word","pronouns",0.23,0.3,0.41,0.57,0.62,0.69,0.76,0.79,0.84,0.88,0.91,0.91,0.94,0.91,0.94,0.96,0.95,0.97,0.96,0.97,0.96
625,"oss","word","pronouns",0.01,0.01,0.01,0.01,0.01,0.03,0.05,0.07,0.09,0.18,0.25,0.29,0.35,0.38,0.48,0.49,0.59,0.6,0.71,0.72,0.79
626,"seg","word","pronouns",0,0,0.01,0.02,0.03,0.05,0.1,0.12,0.2,0.22,0.28,0.34,0.39,0.4,0.46,0.46,0.52,0.59,0.58,0.64,0.63
627,"seg selv","word","pronouns",0,0,0,0,0.01,0.01,0.01,0.03,0.04,0.08,0.08,0.12,0.14,0.16,0.18,0.21,0.27,0.29,0.33,0.41,0.37
628,"sin","word","pronouns",0.03,0.05,0.06,0.14,0.2,0.27,0.37,0.46,0.52,0.59,0.64,0.66,0.71,0.73,0.75,0.76,0.79,0.81,0.83,0.85,0.85
629,"vår","word","pronouns",0,0,0.01,0.01,0.02,0.03,0.04,0.09,0.11,0.22,0.28,0.34,0.4,0.45,0.53,0.6,0.67,0.72,0.77,0.79,0.83
630,"vi","word","pronouns",0.01,0,0.01,0.03,0.03,0.04,0.1,0.13,0.15,0.28,0.37,0.42,0.51,0.56,0.65,0.71,0.76,0.79,0.83,0.87,0.89
631,"hva","word","question_words",0.06,0.09,0.1,0.12,0.15,0.17,0.22,0.26,0.35,0.44,0.55,0.6,0.67,0.72,0.78,0.79,0.85,0.89,0.9,0.91,0.93
632,"hvem","word","question_words",0,0.02,0.01,0.02,0.03,0.03,0.09,0.12,0.18,0.27,0.35,0.44,0.5,0.52,0.62,0.66,0.75,0.78,0.82,0.84,0.86
633,"hvilken","word","question_words",0,0.01,0,0,0,0,0.02,0.02,0.03,0.06,0.09,0.13,0.16,0.18,0.25,0.28,0.4,0.42,0.44,0.49,0.5
634,"hvor","word","question_words",0.03,0.03,0.05,0.09,0.12,0.13,0.26,0.27,0.34,0.43,0.56,0.58,0.67,0.7,0.75,0.78,0.85,0.89,0.88,0.92,0.92
635,"hvordan","word","question_words",0,0,0,0.01,0,0,0.01,0.01,0.02,0.04,0.1,0.11,0.15,0.17,0.22,0.29,0.36,0.4,0.44,0.55,0.62
636,"hvorfor","word","question_words",0.01,0,0.01,0.01,0.01,0.02,0.04,0.04,0.06,0.13,0.22,0.25,0.36,0.38,0.44,0.5,0.63,0.65,0.69,0.75,0.82
637,"når","word","question_words",0,0,0,0,0.01,0.01,0.03,0.03,0.06,0.09,0.14,0.21,0.26,0.28,0.4,0.4,0.51,0.53,0.6,0.68,0.68
638,"av","word","locations",0.02,0.03,0.05,0.06,0.11,0.13,0.19,0.22,0.3,0.36,0.45,0.45,0.56,0.54,0.62,0.61,0.71,0.75,0.75,0.82,0.82
639,"bak","word","locations",0.01,0.04,0.04,0.07,0.12,0.14,0.21,0.34,0.39,0.48,0.58,0.65,0.69,0.71,0.77,0.8,0.86,0.87,0.88,0.9,0.92
640,"bort","word","locations",0.02,0.06,0.06,0.07,0.16,0.19,0.23,0.25,0.34,0.39,0.48,0.52,0.54,0.57,0.62,0.64,0.7,0.75,0.74,0.76,0.8
641,"borte","word","locations",0.2,0.29,0.31,0.42,0.52,0.55,0.6,0.69,0.75,0.78,0.82,0.82,0.86,0.86,0.89,0.89,0.91,0.94,0.93,0.93,0.91
642,"der","word","locations",0.45,0.51,0.54,0.59,0.66,0.69,0.73,0.78,0.8,0.84,0.87,0.87,0.9,0.89,0.9,0.92,0.95,0.95,0.93,0.94,0.94
643,"for","word","locations",0,0,0.01,0.02,0.01,0.02,0.05,0.05,0.08,0.11,0.18,0.22,0.27,0.31,0.37,0.4,0.47,0.53,0.59,0.61,0.67
644,"foran","word","locations",0,0,0.01,0.02,0.02,0.03,0.09,0.12,0.15,0.25,0.33,0.4,0.46,0.5,0.58,0.58,0.67,0.74,0.72,0.78,0.8
645,"fra","word","locations",0,0,0.01,0.02,0.02,0.03,0.05,0.08,0.12,0.19,0.28,0.32,0.42,0.45,0.56,0.57,0.66,0.68,0.72,0.79,0.8
646,"frem","word","locations",0,0,0.01,0.01,0.01,0.02,0.05,0.07,0.09,0.13,0.2,0.22,0.28,0.31,0.35,0.38,0.49,0.55,0.53,0.62,0.64
647,"gjennom","word","locations",0,0.01,0.01,0.03,0.02,0.03,0.08,0.11,0.17,0.22,0.35,0.39,0.46,0.49,0.6,0.62,0.67,0.71,0.75,0.75,0.78
648,"her","word","locations",0.04,0.09,0.12,0.2,0.27,0.3,0.38,0.51,0.55,0.61,0.7,0.71,0.77,0.8,0.83,0.86,0.88,0.91,0.92,0.92,0.94
649,"hit","word","locations",0.01,0.02,0.03,0.07,0.12,0.12,0.18,0.23,0.31,0.39,0.48,0.53,0.56,0.61,0.68,0.67,0.74,0.76,0.77,0.79,0.79
650,"hjem","word","locations",0.05,0.1,0.1,0.16,0.29,0.33,0.41,0.54,0.6,0.66,0.75,0.79,0.83,0.85,0.88,0.89,0.93,0.93,0.93,0.94,0.94
651,"hjemme","word","locations",0.01,0.03,0.07,0.09,0.19,0.21,0.29,0.4,0.46,0.54,0.65,0.65,0.73,0.76,0.8,0.85,0.88,0.89,0.87,0.9,0.91
652,"hos","word","locations",0,0,0.01,0.02,0.03,0.03,0.06,0.1,0.14,0.23,0.32,0.35,0.46,0.48,0.57,0.59,0.68,0.7,0.72,0.8,0.81
653,"i","word","locations",0.03,0.04,0.04,0.07,0.12,0.17,0.23,0.31,0.4,0.48,0.59,0.61,0.69,0.72,0.77,0.79,0.85,0.88,0.88,0.89,0.92
654,"i stedet for","word","locations",0,0,0,0,0,0,0.01,0.01,0.02,0.04,0.05,0.1,0.1,0.12,0.16,0.2,0.21,0.24,0.31,0.33,0.34
655,"inn","word","locations",0.08,0.11,0.14,0.16,0.32,0.37,0.43,0.51,0.61,0.66,0.74,0.75,0.78,0.8,0.86,0.87,0.9,0.91,0.9,0.93,0.94
656,"inne","word","locations",0.03,0.07,0.07,0.12,0.2,0.22,0.33,0.43,0.48,0.59,0.63,0.69,0.72,0.77,0.79,0.84,0.89,0.87,0.88,0.9,0.92
657,"inni","word","locations",0.03,0.08,0.06,0.12,0.16,0.21,0.27,0.37,0.45,0.48,0.59,0.61,0.67,0.71,0.72,0.76,0.81,0.83,0.81,0.86,0.86
658,"med","word","locations",0.01,0.02,0.01,0.03,0.05,0.06,0.14,0.17,0.25,0.31,0.44,0.47,0.56,0.56,0.66,0.68,0.76,0.77,0.81,0.82,0.85
659,"mot","word","locations",0,0,0,0.01,0.01,0.01,0.02,0.04,0.05,0.07,0.14,0.18,0.2,0.26,0.33,0.35,0.41,0.45,0.5,0.57,0.58
660,"ned","word","locations",0.09,0.13,0.17,0.22,0.37,0.39,0.45,0.52,0.59,0.65,0.71,0.77,0.78,0.79,0.85,0.85,0.9,0.89,0.91,0.92,0.93
661,"nede","word","locations",0.02,0,0.01,0.05,0.09,0.14,0.19,0.28,0.34,0.41,0.48,0.53,0.56,0.62,0.63,0.71,0.79,0.76,0.78,0.8,0.82
662,"nedi","word","locations",0.01,0.02,0.02,0.03,0.04,0.06,0.1,0.14,0.2,0.24,0.34,0.39,0.42,0.48,0.49,0.52,0.62,0.66,0.67,0.7,0.74
663,"om","word","locations",0,0,0.01,0.01,0.01,0.01,0.02,0.03,0.07,0.09,0.16,0.19,0.26,0.26,0.33,0.39,0.46,0.51,0.56,0.6,0.67
664,"opp","word","locations",0.18,0.26,0.31,0.38,0.48,0.54,0.62,0.64,0.7,0.76,0.78,0.83,0.84,0.83,0.88,0.88,0.92,0.93,0.93,0.93,0.9
665,"oppå","word","locations",0.04,0.05,0.07,0.09,0.13,0.19,0.27,0.32,0.39,0.46,0.54,0.59,0.64,0.67,0.68,0.71,0.78,0.82,0.82,0.82,0.85
666,"oppe","word","locations",0.03,0.03,0.06,0.12,0.17,0.21,0.28,0.38,0.41,0.5,0.55,0.58,0.63,0.68,0.7,0.74,0.81,0.82,0.82,0.85,0.85
667,"oppi","word","locations",0.06,0.08,0.09,0.12,0.18,0.21,0.26,0.33,0.39,0.45,0.51,0.56,0.62,0.66,0.66,0.68,0.74,0.76,0.8,0.8,0.83
668,"over","word","locations",0,0,0.01,0.01,0.02,0.03,0.08,0.11,0.16,0.25,0.32,0.39,0.45,0.51,0.57,0.59,0.67,0.74,0.76,0.8,0.79
669,"på","word","locations",0.03,0.06,0.06,0.1,0.2,0.21,0.3,0.37,0.48,0.54,0.62,0.68,0.72,0.76,0.79,0.82,0.87,0.89,0.89,0.9,0.93
670,"til","word","locations",0,0.01,0.02,0.05,0.07,0.09,0.14,0.18,0.27,0.38,0.49,0.49,0.59,0.62,0.69,0.71,0.8,0.82,0.84,0.87,0.84
671,"tilbake","word","locations",0.01,0,0,0.01,0.02,0.03,0.07,0.1,0.12,0.19,0.26,0.34,0.41,0.42,0.52,0.54,0.61,0.66,0.69,0.76,0.75
672,"under","word","locations",0,0.01,0.03,0.04,0.08,0.11,0.18,0.26,0.34,0.4,0.52,0.61,0.64,0.67,0.72,0.73,0.81,0.84,0.86,0.89,0.89
673,"ut","word","locations",0.16,0.26,0.27,0.37,0.52,0.59,0.65,0.7,0.76,0.82,0.84,0.85,0.86,0.87,0.89,0.91,0.94,0.94,0.93,0.96,0.95
674,"ute (location)","word","locations",0.05,0.1,0.13,0.19,0.33,0.35,0.46,0.58,0.62,0.68,0.75,0.77,0.82,0.82,0.84,0.87,0.91,0.91,0.92,0.95,0.93
675,"utenfor","word","locations",0,0,0,0.01,0,0,0.02,0.03,0.05,0.09,0.14,0.16,0.19,0.22,0.27,0.3,0.39,0.39,0.47,0.54,0.57
676,"utenpå","word","locations",0,0,0,0,0.01,0,0.02,0.03,0.04,0.08,0.12,0.15,0.21,0.22,0.26,0.3,0.33,0.4,0.43,0.51,0.56
677,"ved siden av","word","locations",0,0,0,0.01,0.02,0.02,0.06,0.08,0.09,0.17,0.24,0.31,0.35,0.37,0.45,0.47,0.54,0.56,0.6,0.68,0.73
678,"vekk","word","locations",0.02,0.04,0.07,0.12,0.14,0.19,0.25,0.32,0.39,0.47,0.56,0.56,0.61,0.64,0.71,0.69,0.77,0.78,0.79,0.82,0.86
679,"alle","word","quantifiers",0,0.03,0.07,0.06,0.13,0.16,0.24,0.34,0.39,0.53,0.6,0.64,0.74,0.77,0.81,0.85,0.91,0.91,0.91,0.92,0.94
680,"alt","word","quantifiers",0.01,0.03,0.02,0.03,0.04,0.05,0.09,0.14,0.2,0.3,0.36,0.43,0.51,0.49,0.58,0.62,0.7,0.76,0.78,0.81,0.82
681,"andre","word","quantifiers",0,0,0.01,0.01,0.02,0.05,0.07,0.1,0.14,0.18,0.23,0.32,0.36,0.35,0.47,0.48,0.57,0.6,0.67,0.7,0.72
682,"den","word","quantifiers",0.24,0.34,0.32,0.42,0.53,0.55,0.63,0.65,0.72,0.78,0.78,0.82,0.83,0.82,0.86,0.87,0.9,0.91,0.89,0.94,0.93
683,"det","word","quantifiers",0.06,0.11,0.1,0.16,0.16,0.2,0.29,0.33,0.38,0.46,0.53,0.58,0.62,0.67,0.7,0.72,0.8,0.82,0.82,0.85,0.86
684,"ei","word","quantifiers",0,0.01,0.01,0.02,0.02,0.02,0.03,0.05,0.07,0.07,0.13,0.15,0.2,0.2,0.25,0.27,0.33,0.33,0.39,0.39,0.42
685,"en","word","quantifiers",0.04,0.03,0.04,0.06,0.11,0.12,0.19,0.26,0.34,0.4,0.47,0.54,0.62,0.62,0.67,0.72,0.79,0.8,0.83,0.86,0.86
686,"en annen","word","quantifiers",0,0,0.02,0.02,0.04,0.07,0.08,0.14,0.19,0.26,0.32,0.36,0.41,0.42,0.48,0.51,0.57,0.59,0.61,0.67,0.68
687,"et","word","quantifiers",0,0,0.01,0.02,0.03,0.04,0.05,0.1,0.15,0.19,0.27,0.32,0.39,0.43,0.47,0.55,0.64,0.63,0.68,0.72,0.75
688,"hver","word","quantifiers",0,0,0.01,0.01,0,0,0.02,0.03,0.05,0.09,0.12,0.17,0.23,0.23,0.31,0.36,0.41,0.44,0.52,0.59,0.61
689,"hvert","word","quantifiers",0,0,0,0,0,0,0.01,0.01,0.01,0.03,0.05,0.06,0.09,0.11,0.15,0.15,0.23,0.23,0.29,0.35,0.32
690,"ikke (amount)","word","quantifiers",0.06,0.17,0.17,0.3,0.41,0.46,0.53,0.62,0.7,0.75,0.82,0.83,0.87,0.86,0.9,0.93,0.94,0.94,0.95,0.95,0.97
691,"ingen","word","quantifiers",0.01,0.02,0.01,0.05,0.08,0.1,0.17,0.23,0.3,0.39,0.48,0.56,0.58,0.64,0.69,0.73,0.8,0.82,0.83,0.87,0.87
692,"ingenting","word","quantifiers",0.01,0.03,0.01,0.03,0.08,0.08,0.15,0.23,0.28,0.38,0.49,0.53,0.61,0.63,0.72,0.73,0.82,0.83,0.85,0.89,0.9
693,"litt","word","quantifiers",0.01,0.02,0.03,0.06,0.09,0.14,0.21,0.3,0.38,0.47,0.56,0.63,0.7,0.72,0.76,0.78,0.85,0.86,0.87,0.91,0.89
694,"mange","word","quantifiers",0.02,0.02,0.04,0.09,0.16,0.21,0.28,0.36,0.43,0.52,0.58,0.66,0.71,0.73,0.79,0.85,0.85,0.87,0.86,0.91,0.89
695,"mer","word","quantifiers",0.29,0.31,0.32,0.47,0.53,0.58,0.63,0.65,0.7,0.74,0.76,0.83,0.83,0.85,0.84,0.87,0.92,0.91,0.92,0.94,0.93
696,"mye","word","quantifiers",0.01,0.01,0.03,0.07,0.1,0.15,0.24,0.32,0.41,0.47,0.56,0.64,0.68,0.7,0.76,0.8,0.82,0.87,0.86,0.89,0.91
697,"noe","word","quantifiers",0,0,0,0.02,0.01,0.01,0.04,0.05,0.09,0.14,0.2,0.24,0.31,0.35,0.43,0.42,0.52,0.6,0.64,0.68,0.7
698,"noen","word","quantifiers",0,0,0,0.01,0.01,0.01,0.04,0.06,0.07,0.14,0.2,0.26,0.33,0.33,0.44,0.46,0.52,0.61,0.64,0.69,0.71
699,"også","word","quantifiers",0,0,0.01,0.03,0.05,0.09,0.11,0.16,0.21,0.32,0.38,0.43,0.52,0.51,0.59,0.66,0.7,0.72,0.72,0.75,0.79
700,"samme","word","quantifiers",0,0,0.01,0.02,0.05,0.06,0.11,0.14,0.2,0.25,0.33,0.36,0.46,0.48,0.55,0.55,0.65,0.67,0.71,0.74,0.77
701,"bli","word","helping_verbs",0.01,0.02,0.02,0.04,0.04,0.07,0.13,0.16,0.22,0.27,0.4,0.41,0.5,0.51,0.59,0.62,0.68,0.72,0.78,0.79,0.83
702,"bør","word","helping_verbs",0,0,0,0,0,0,0,0,0.01,0.01,0.02,0.03,0.06,0.04,0.08,0.07,0.12,0.12,0.16,0.23,0.23
703,"burde","word","helping_verbs",0,0,0,0,0.01,0,0,0.01,0.01,0.02,0.02,0.02,0.05,0.05,0.07,0.09,0.14,0.14,0.16,0.2,0.18
704,"er","word","helping_verbs",0,0.03,0.02,0.05,0.07,0.12,0.16,0.26,0.32,0.42,0.54,0.57,0.63,0.67,0.74,0.75,0.84,0.87,0.87,0.9,0.92
705,"få","word","helping_verbs",0.07,0.07,0.13,0.23,0.31,0.33,0.41,0.48,0.56,0.63,0.72,0.75,0.79,0.82,0.82,0.84,0.9,0.9,0.92,0.93,0.93
706,"gjør","word","helping_verbs",0,0,0,0.01,0.06,0.06,0.11,0.16,0.23,0.32,0.4,0.45,0.55,0.57,0.64,0.69,0.76,0.77,0.82,0.84,0.85
707,"gjorde","word","helping_verbs",0,0,0,0.01,0.01,0.01,0.05,0.06,0.09,0.16,0.22,0.3,0.33,0.34,0.44,0.48,0.58,0.64,0.65,0.73,0.75
708,"gjøre","word","helping_verbs",0,0,0.01,0.02,0.06,0.07,0.14,0.19,0.22,0.31,0.41,0.45,0.51,0.57,0.62,0.59,0.67,0.7,0.76,0.77,0.78
709,"ha","word","helping_verbs",0.08,0.1,0.09,0.18,0.27,0.32,0.4,0.5,0.58,0.67,0.7,0.72,0.78,0.79,0.82,0.84,0.88,0.88,0.91,0.91,0.88
710,"hadde","word","helping_verbs",0,0,0,0.01,0.02,0.03,0.06,0.11,0.12,0.21,0.3,0.33,0.41,0.47,0.52,0.56,0.63,0.7,0.72,0.78,0.8
711,"har","word","helping_verbs",0,0,0.01,0.03,0.06,0.08,0.13,0.2,0.26,0.37,0.48,0.52,0.57,0.64,0.7,0.73,0.81,0.82,0.86,0.89,0.88
712,"kan","word","helping_verbs",0,0,0.01,0.04,0.06,0.09,0.15,0.22,0.29,0.37,0.5,0.55,0.64,0.66,0.73,0.76,0.83,0.85,0.9,0.9,0.93
713,"kunne","word","helping_verbs",0,0,0,0,0.01,0,0.01,0.01,0.03,0.05,0.07,0.13,0.15,0.18,0.22,0.26,0.32,0.37,0.4,0.47,0.5
714,"la","word","helping_verbs",0.01,0.01,0.01,0.01,0.01,0.02,0.04,0.06,0.09,0.13,0.2,0.22,0.28,0.32,0.35,0.42,0.47,0.5,0.53,0.66,0.61
715,"må","word","helping_verbs",0,0,0.02,0.03,0.03,0.06,0.12,0.17,0.23,0.32,0.42,0.48,0.58,0.58,0.68,0.73,0.8,0.81,0.87,0.87,0.89
716,"måtte","word","helping_verbs",0,0,0,0,0.01,0.01,0.01,0.02,0.05,0.09,0.15,0.19,0.23,0.28,0.34,0.4,0.48,0.52,0.58,0.62,0.65
717,"skal","word","helping_verbs",0,0.01,0.02,0.05,0.05,0.07,0.14,0.18,0.25,0.36,0.47,0.51,0.63,0.64,0.7,0.77,0.84,0.86,0.88,0.92,0.94
718,"skulle","word","helping_verbs",0,0,0,0,0.01,0,0.01,0.01,0.03,0.05,0.11,0.13,0.18,0.21,0.26,0.33,0.41,0.44,0.51,0.58,0.57
719,"være","word","helping_verbs",0,0,0.01,0.02,0.02,0.05,0.09,0.16,0.19,0.26,0.37,0.42,0.45,0.49,0.56,0.58,0.68,0.7,0.72,0.77,0.77
720,"var","word","helping_verbs",0,0,0.01,0.01,0.01,0.01,0.03,0.05,0.07,0.12,0.18,0.25,0.28,0.33,0.42,0.45,0.54,0.61,0.63,0.71,0.73
721,"vil","word","helping_verbs",0.02,0.04,0.04,0.08,0.12,0.18,0.29,0.37,0.44,0.54,0.64,0.68,0.76,0.79,0.81,0.84,0.89,0.92,0.91,0.93,0.94
722,"ville","word","helping_verbs",0,0,0.01,0.01,0.01,0.02,0.03,0.05,0.07,0.13,0.18,0.24,0.27,0.34,0.4,0.44,0.53,0.56,0.61,0.69,0.7
723,"at","word","connecting_words",0,0,0.01,0.01,0.01,0.01,0.03,0.05,0.09,0.11,0.16,0.24,0.26,0.29,0.38,0.44,0.51,0.58,0.61,0.73,0.7
724,"eller","word","connecting_words",0,0,0,0.01,0.01,0.01,0.04,0.07,0.11,0.17,0.24,0.33,0.36,0.39,0.45,0.51,0.64,0.67,0.69,0.73,0.75
725,"for","word","connecting_words",0,0,0.01,0.01,0.01,0.01,0.03,0.03,0.07,0.09,0.16,0.2,0.25,0.27,0.36,0.4,0.47,0.5,0.59,0.62,0.69
726,"fordi","word","connecting_words",0,0,0,0.01,0.01,0,0.01,0.03,0.03,0.07,0.1,0.15,0.2,0.22,0.28,0.35,0.45,0.47,0.56,0.63,0.65
727,"hvis","word","connecting_words",0,0,0,0.01,0,0,0.01,0,0.02,0.04,0.06,0.08,0.11,0.14,0.19,0.25,0.31,0.36,0.43,0.51,0.53
728,"men","word","connecting_words",0.01,0,0.01,0.01,0.01,0.01,0.02,0.04,0.06,0.1,0.14,0.2,0.25,0.26,0.36,0.41,0.5,0.54,0.6,0.69,0.66
729,"og","word","connecting_words",0.01,0.02,0.03,0.04,0.1,0.14,0.22,0.3,0.38,0.51,0.56,0.61,0.67,0.67,0.72,0.77,0.84,0.83,0.88,0.9,0.91
730,"så","word","connecting_words",0,0.01,0.01,0.02,0.03,0.03,0.08,0.08,0.13,0.18,0.22,0.29,0.32,0.37,0.45,0.5,0.57,0.63,0.68,0.74,0.75
731,"som","word","connecting_words",0,0,0.01,0.01,0.01,0.01,0.03,0.04,0.08,0.11,0.16,0.21,0.27,0.28,0.34,0.4,0.49,0.55,0.59,0.66,0.68
